,title_pos,title_neg,desc_pos,desc_neg,content_pos,content_neg,date
0,0.16666666666666666,0.16666666666666666,0.3333333333333333,0.0,0.3333333333333333,0.0,2017-11-08
1,0.08333333333333333,0.25,0.3333333333333333,0.0,0.3333333333333333,0.0,2017-11-09
2,0.23809523809523808,0.09523809523809523,0.23809523809523808,0.09523809523809523,0.3333333333333333,0.0,2017-11-10
3,0.0,0.3333333333333333,0.3333333333333333,0.0,0.3333333333333333,0.0,2017-11-11
4,0.2857142857142857,0.07142857142857142,0.2857142857142857,0.07142857142857142,0.2857142857142857,0.0,2017-11-12
5,0.23809523809523808,0.09523809523809523,0.2857142857142857,0.047619047619047616,0.3333333333333333,0.0,2017-11-13
6,0.3333333333333333,0.0,0.26666666666666666,0.06666666666666667,0.3333333333333333,0.0,2017-11-14
7,0.21428571428571427,0.14285714285714285,0.2857142857142857,0.07142857142857142,0.2857142857142857,0.0,2017-11-15
8,0.26666666666666666,0.06666666666666667,0.26666666666666666,0.06666666666666667,0.3333333333333333,0.0,2017-11-16
9,0.2777777777777778,0.05555555555555555,0.3333333333333333,0.0,0.3333333333333333,0.0,2017-11-17
10,0.35714285714285715,0.0,0.2857142857142857,0.07142857142857142,0.2857142857142857,0.0,2017-11-18
11,0.2,0.13333333333333333,0.2,0.13333333333333333,0.3333333333333333,0.0,2017-11-19
12,0.2,0.14285714285714285,0.3142857142857143,0.02857142857142857,0.3142857142857143,0.0,2017-11-20
13,0.25925925925925924,0.07407407407407407,0.2222222222222222,0.1111111111111111,0.3333333333333333,0.0,2017-11-21
14,0.23809523809523808,0.09523809523809523,0.3333333333333333,0.0,0.3333333333333333,0.0,2017-11-22
15,0.26666666666666666,0.06666666666666667,0.26666666666666666,0.06666666666666667,0.3333333333333333,0.0,2017-11-23
16,0.2222222222222222,0.1111111111111111,0.2777777777777778,0.05555555555555555,0.3333333333333333,0.0,2017-11-24
17,0.2222222222222222,0.1111111111111111,0.16666666666666666,0.16666666666666666,0.3333333333333333,0.0,2017-11-25
18,0.3333333333333333,0.0,0.25,0.08333333333333333,0.3333333333333333,0.0,2017-11-26
19,0.25,0.08333333333333333,0.25,0.08333333333333333,0.3333333333333333,0.0,2017-11-27
20,0.2777777777777778,0.05555555555555555,0.2777777777777778,0.05555555555555555,0.3333333333333333,0.0,2017-11-28
21,0.16666666666666666,0.16666666666666666,0.3333333333333333,0.0,0.3333333333333333,0.0,2017-11-29
22,0.2727272727272727,0.09090909090909091,0.36363636363636365,0.0,0.2727272727272727,0.0,2017-11-30
23,0.2777777777777778,0.05555555555555555,0.3333333333333333,0.0,0.2777777777777778,0.05555555555555555,2017-12-01
24,0.2777777777777778,0.05555555555555555,0.3333333333333333,0.0,0.3333333333333333,0.0,2017-12-02
25,0.21428571428571427,0.14285714285714285,0.35714285714285715,0.0,0.2857142857142857,0.0,2017-12-03
26,0.16666666666666666,0.16666666666666666,0.2777777777777778,0.05555555555555555,0.3333333333333333,0.0,2017-12-04
27,0.3076923076923077,0.038461538461538464,0.3076923076923077,0.038461538461538464,0.2692307692307692,0.038461538461538464,2017-12-05
28,0.3333333333333333,0.0,0.2222222222222222,0.1111111111111111,0.3333333333333333,0.0,2017-12-06
29,0.25,0.1,0.25,0.1,0.3,0.0,2017-12-07
30,0.21875,0.125,0.28125,0.0625,0.3125,0.0,2017-12-08
31,0.25,0.1,0.35,0.0,0.3,0.0,2017-12-09
32,0.3333333333333333,0.0,0.2777777777777778,0.05555555555555555,0.3333333333333333,0.0,2017-12-10
33,0.2692307692307692,0.07692307692307693,0.23076923076923078,0.11538461538461539,0.3076923076923077,0.0,2017-12-11
34,0.16666666666666666,0.16666666666666666,0.25,0.08333333333333333,0.3333333333333333,0.0,2017-12-12
35,0.25925925925925924,0.07407407407407407,0.2962962962962963,0.037037037037037035,0.3333333333333333,0.0,2017-12-13
36,0.28,0.08,0.32,0.04,0.28,0.0,2017-12-14
37,0.2,0.13333333333333333,0.2,0.13333333333333333,0.3333333333333333,0.0,2017-12-15
38,0.2222222222222222,0.1111111111111111,0.2222222222222222,0.1111111111111111,0.3333333333333333,0.0,2017-12-16
39,0.3333333333333333,0.0,0.3333333333333333,0.0,0.3333333333333333,0.0,2017-12-17
40,0.2857142857142857,0.07142857142857142,0.35714285714285715,0.0,0.2857142857142857,0.0,2017-12-18
41,0.2857142857142857,0.07142857142857142,0.21428571428571427,0.14285714285714285,0.2857142857142857,0.0,2017-12-19
42,0.2777777777777778,0.05555555555555555,0.3333333333333333,0.0,0.3333333333333333,0.0,2017-12-20
43,0.2222222222222222,0.1111111111111111,0.2777777777777778,0.05555555555555555,0.3333333333333333,0.0,2017-12-21
44,0.14285714285714285,0.21428571428571427,0.35714285714285715,0.0,0.2857142857142857,0.0,2017-12-22
45,0.3333333333333333,0.0,0.3333333333333333,0.0,0.3333333333333333,0.0,2017-12-23
46,0.16666666666666666,0.16666666666666666,0.3333333333333333,0.0,0.3333333333333333,0.0,2017-12-24
47,0.08333333333333333,0.25,0.16666666666666666,0.16666666666666666,0.3333333333333333,0.0,2017-12-25
48,0.23809523809523808,0.09523809523809523,0.2857142857142857,0.047619047619047616,0.3333333333333333,0.0,2017-12-26
49,0.3333333333333333,0.0,0.2777777777777778,0.05555555555555555,0.3333333333333333,0.0,2017-12-27
50,0.2692307692307692,0.07692307692307693,0.3076923076923077,0.038461538461538464,0.3076923076923077,0.0,2017-12-28
51,0.2777777777777778,0.05555555555555555,0.2777777777777778,0.05555555555555555,0.3333333333333333,0.0,2017-12-29
52,0.2,0.13333333333333333,0.2,0.13333333333333333,0.3333333333333333,0.0,2017-12-30
53,0.16666666666666666,0.16666666666666666,0.2777777777777778,0.05555555555555555,0.3333333333333333,0.0,2017-12-31
54,0.2777777777777778,0.05555555555555555,0.2777777777777778,0.05555555555555555,0.3333333333333333,0.0,2018-01-01
55,0.2,0.13333333333333333,0.3333333333333333,0.0,0.3333333333333333,0.0,2018-01-02
56,0.2857142857142857,0.047619047619047616,0.3333333333333333,0.0,0.3333333333333333,0.0,2018-01-03
57,0.32,0.04,0.36,0.0,0.28,0.0,2018-01-04
58,0.2857142857142857,0.07142857142857142,0.2857142857142857,0.07142857142857142,0.2857142857142857,0.0,2018-01-05
59,0.3333333333333333,0.0,0.3333333333333333,0.0,0.3333333333333333,0.0,2018-01-06
60,0.16666666666666666,0.16666666666666666,0.25,0.08333333333333333,0.3333333333333333,0.0,2018-01-07
61,0.2857142857142857,0.047619047619047616,0.23809523809523808,0.09523809523809523,0.3333333333333333,0.0,2018-01-08
62,0.16666666666666666,0.16666666666666666,0.3333333333333333,0.0,0.3333333333333333,0.0,2018-01-09
63,0.3333333333333333,0.0,0.2777777777777778,0.05555555555555555,0.3333333333333333,0.0,2018-01-10
64,0.13333333333333333,0.2,0.2,0.13333333333333333,0.3333333333333333,0.0,2018-01-11
65,0.2777777777777778,0.05555555555555555,0.2777777777777778,0.05555555555555555,0.3333333333333333,0.0,2018-01-12
66,0.2777777777777778,0.05555555555555555,0.1111111111111111,0.2222222222222222,0.3333333333333333,0.0,2018-01-13
67,0.3333333333333333,0.0,0.3333333333333333,0.0,0.3333333333333333,0.0,2018-01-14
68,0.3,0.05,0.35,0.0,0.3,0.0,2018-01-15
69,0.2777777777777778,0.05555555555555555,0.2777777777777778,0.05555555555555555,0.3333333333333333,0.0,2018-01-16
70,0.2777777777777778,0.05555555555555555,0.2777777777777778,0.05555555555555555,0.3333333333333333,0.0,2018-01-17
71,0.29411764705882354,0.058823529411764705,0.35294117647058826,0.0,0.29411764705882354,0.0,2018-01-18
72,0.35714285714285715,0.0,0.35714285714285715,0.0,0.2857142857142857,0.0,2018-01-19
73,0.3,0.05,0.2,0.15,0.3,0.0,2018-01-20
74,0.26666666666666666,0.06666666666666667,0.3333333333333333,0.0,0.3333333333333333,0.0,2018-01-21
75,0.2777777777777778,0.05555555555555555,0.2777777777777778,0.05555555555555555,0.3333333333333333,0.0,2018-01-22
76,0.29411764705882354,0.058823529411764705,0.35294117647058826,0.0,0.29411764705882354,0.0,2018-01-23
77,0.21428571428571427,0.14285714285714285,0.21428571428571427,0.14285714285714285,0.2857142857142857,0.0,2018-01-24
78,0.2857142857142857,0.07142857142857142,0.35714285714285715,0.0,0.2857142857142857,0.0,2018-01-25
79,0.2,0.15,0.25,0.1,0.3,0.0,2018-01-26
80,0.3333333333333333,0.0,0.3333333333333333,0.0,0.3333333333333333,0.0,2018-01-27
81,0.3333333333333333,0.0,0.26666666666666666,0.06666666666666667,0.2,0.13333333333333333,2018-01-28
82,0.1111111111111111,0.2222222222222222,0.2777777777777778,0.05555555555555555,0.3333333333333333,0.0,2018-01-29
83,0.14285714285714285,0.21428571428571427,0.2857142857142857,0.07142857142857142,0.2857142857142857,0.0,2018-01-30
84,0.34615384615384615,0.0,0.3076923076923077,0.038461538461538464,0.3076923076923077,0.0,2018-01-31
85,0.15,0.2,0.3,0.05,0.3,0.0,2018-02-01
86,0.3333333333333333,0.0,0.2777777777777778,0.05555555555555555,0.3333333333333333,0.0,2018-02-02
87,0.35714285714285715,0.0,0.35714285714285715,0.0,0.2857142857142857,0.0,2018-02-03
88,0.35714285714285715,0.0,0.35714285714285715,0.0,0.2857142857142857,0.0,2018-02-04
89,0.23809523809523808,0.09523809523809523,0.19047619047619047,0.14285714285714285,0.3333333333333333,0.0,2018-02-05
90,0.3,0.05,0.3,0.05,0.3,0.0,2018-02-06
91,0.2222222222222222,0.1111111111111111,0.3333333333333333,0.0,0.3333333333333333,0.0,2018-02-07
92,0.2,0.13333333333333333,0.3333333333333333,0.0,0.3333333333333333,0.0,2018-02-08
93,0.2,0.15,0.25,0.1,0.3,0.0,2018-02-09
94,0.16666666666666666,0.16666666666666666,0.2777777777777778,0.05555555555555555,0.3333333333333333,0.0,2018-02-10
95,0.26666666666666666,0.06666666666666667,0.3333333333333333,0.0,0.3333333333333333,0.0,2018-02-11
96,0.3,0.05,0.3,0.05,0.3,0.0,2018-02-12
97,0.2,0.13333333333333333,0.26666666666666666,0.06666666666666667,0.3333333333333333,0.0,2018-02-13
98,0.13333333333333333,0.2,0.26666666666666666,0.06666666666666667,0.3333333333333333,0.0,2018-02-14
99,0.15,0.2,0.3,0.05,0.3,0.0,2018-02-15
100,0.2777777777777778,0.05555555555555555,0.2222222222222222,0.1111111111111111,0.3333333333333333,0.0,2018-02-16
101,0.3333333333333333,0.0,0.3333333333333333,0.0,0.3333333333333333,0.0,2018-02-17
102,0.26666666666666666,0.06666666666666667,0.3333333333333333,0.0,0.3333333333333333,0.0,2018-02-18
103,0.1111111111111111,0.2222222222222222,0.2777777777777778,0.05555555555555555,0.3333333333333333,0.0,2018-02-19
104,0.13333333333333333,0.2,0.2,0.13333333333333333,0.3333333333333333,0.0,2018-02-20
105,0.13333333333333333,0.2,0.26666666666666666,0.06666666666666667,0.3333333333333333,0.0,2018-02-21
106,0.2,0.13333333333333333,0.2,0.13333333333333333,0.3333333333333333,0.0,2018-02-22
107,0.3333333333333333,0.0,0.3333333333333333,0.0,0.3333333333333333,0.0,2018-02-23
108,0.25,0.08333333333333333,0.3333333333333333,0.0,0.3333333333333333,0.0,2018-02-24
109,0.16666666666666666,0.16666666666666666,0.3333333333333333,0.0,0.3333333333333333,0.0,2018-02-25
110,0.2222222222222222,0.1111111111111111,0.2222222222222222,0.1111111111111111,0.2777777777777778,0.05555555555555555,2018-02-26
111,0.2916666666666667,0.041666666666666664,0.3333333333333333,0.0,0.3333333333333333,0.0,2018-02-27
112,0.23809523809523808,0.09523809523809523,0.2857142857142857,0.047619047619047616,0.3333333333333333,0.0,2018-02-28
113,0.16666666666666666,0.16666666666666666,0.20833333333333334,0.125,0.3333333333333333,0.0,2018-03-01
114,0.26666666666666666,0.06666666666666667,0.26666666666666666,0.06666666666666667,0.3333333333333333,0.0,2018-03-02
115,0.26666666666666666,0.06666666666666667,0.3333333333333333,0.0,0.3333333333333333,0.0,2018-03-03
116,0.13333333333333333,0.2,0.3333333333333333,0.0,0.3333333333333333,0.0,2018-03-04
117,0.3333333333333333,0.0,0.3333333333333333,0.0,0.3333333333333333,0.0,2018-03-05
118,0.35714285714285715,0.0,0.2857142857142857,0.07142857142857142,0.2857142857142857,0.0,2018-03-06
119,0.2857142857142857,0.07142857142857142,0.35714285714285715,0.0,0.2857142857142857,0.0,2018-03-07
120,0.26666666666666666,0.06666666666666667,0.26666666666666666,0.06666666666666667,0.3333333333333333,0.0,2018-03-08
121,0.16666666666666666,0.16666666666666666,0.16666666666666666,0.16666666666666666,0.3333333333333333,0.0,2018-03-09
122,0.35294117647058826,0.0,0.29411764705882354,0.058823529411764705,0.29411764705882354,0.0,2018-03-10
123,0.26666666666666666,0.06666666666666667,0.26666666666666666,0.06666666666666667,0.3333333333333333,0.0,2018-03-11
124,0.26666666666666666,0.06666666666666667,0.3333333333333333,0.0,0.3333333333333333,0.0,2018-03-12
125,0.2708333333333333,0.0625,0.2916666666666667,0.041666666666666664,0.3333333333333333,0.0,2018-03-13
126,0.2916666666666667,0.041666666666666664,0.2916666666666667,0.041666666666666664,0.3333333333333333,0.0,2018-03-14
127,0.23809523809523808,0.09523809523809523,0.2857142857142857,0.047619047619047616,0.3333333333333333,0.0,2018-03-15
128,0.2222222222222222,0.1111111111111111,0.3333333333333333,0.0,0.3333333333333333,0.0,2018-03-16
129,0.3333333333333333,0.0,0.3333333333333333,0.0,0.3333333333333333,0.0,2018-03-17
130,0.2,0.13333333333333333,0.3333333333333333,0.0,0.3333333333333333,0.0,2018-03-18
131,0.25,0.1,0.35,0.0,0.3,0.0,2018-03-19
132,0.29411764705882354,0.058823529411764705,0.23529411764705882,0.11764705882352941,0.29411764705882354,0.0,2018-03-20
133,0.21428571428571427,0.14285714285714285,0.2857142857142857,0.07142857142857142,0.2857142857142857,0.0,2018-03-21
134,0.25,0.1,0.3,0.05,0.3,0.0,2018-03-22
135,0.2608695652173913,0.08695652173913043,0.21739130434782608,0.08695652173913043,0.34782608695652173,0.0,2018-03-23
136,0.16666666666666666,0.16666666666666666,0.25,0.08333333333333333,0.3333333333333333,0.0,2018-03-24
137,0.09523809523809523,0.23809523809523808,0.2857142857142857,0.047619047619047616,0.3333333333333333,0.0,2018-03-25
138,0.05128205128205128,0.28205128205128205,0.1282051282051282,0.20512820512820512,0.3333333333333333,0.0,2018-03-26
139,0.26666666666666666,0.06666666666666667,0.26666666666666666,0.06666666666666667,0.3333333333333333,0.0,2018-03-27
140,0.26666666666666666,0.06666666666666667,0.26666666666666666,0.06666666666666667,0.3333333333333333,0.0,2018-03-28
141,0.2222222222222222,0.1111111111111111,0.2222222222222222,0.1111111111111111,0.2777777777777778,0.05555555555555555,2018-03-29
142,0.14285714285714285,0.19047619047619047,0.23809523809523808,0.09523809523809523,0.3333333333333333,0.0,2018-03-30
143,0.2222222222222222,0.1111111111111111,0.2222222222222222,0.1111111111111111,0.3333333333333333,0.0,2018-03-31
144,0.26666666666666666,0.06666666666666667,0.3333333333333333,0.0,0.3333333333333333,0.0,2018-04-01
145,0.2916666666666667,0.041666666666666664,0.3333333333333333,0.0,0.3333333333333333,0.0,2018-04-02
146,0.19047619047619047,0.14285714285714285,0.23809523809523808,0.09523809523809523,0.3333333333333333,0.0,2018-04-03
147,0.28125,0.0625,0.34375,0.0,0.3125,0.0,2018-04-04
148,0.34615384615384615,0.0,0.3076923076923077,0.038461538461538464,0.3076923076923077,0.0,2018-04-05
149,0.09523809523809523,0.23809523809523808,0.23809523809523808,0.09523809523809523,0.3333333333333333,0.0,2018-04-06
150,0.26666666666666666,0.06666666666666667,0.26666666666666666,0.06666666666666667,0.26666666666666666,0.06666666666666667,2018-04-07
151,0.26666666666666666,0.06666666666666667,0.3333333333333333,0.0,0.3333333333333333,0.0,2018-04-08
152,0.2222222222222222,0.1111111111111111,0.3333333333333333,0.0,0.3333333333333333,0.0,2018-04-09
153,0.3333333333333333,0.0,0.3333333333333333,0.0,0.3333333333333333,0.0,2018-04-10
154,0.2,0.13333333333333333,0.26666666666666666,0.06666666666666667,0.3333333333333333,0.0,2018-04-11
155,0.35714285714285715,0.0,0.35714285714285715,0.0,0.2857142857142857,0.0,2018-04-12
156,0.26666666666666666,0.06666666666666667,0.3333333333333333,0.0,0.3333333333333333,0.0,2018-04-13
157,0.25,0.08333333333333333,0.25,0.08333333333333333,0.3333333333333333,0.0,2018-04-14
158,0.2222222222222222,0.1111111111111111,0.3333333333333333,0.0,0.3333333333333333,0.0,2018-04-15
159,0.2916666666666667,0.041666666666666664,0.2916666666666667,0.041666666666666664,0.3333333333333333,0.0,2018-04-16
160,0.18181818181818182,0.18181818181818182,0.2727272727272727,0.09090909090909091,0.2727272727272727,0.0,2018-04-17
161,0.35,0.0,0.35,0.0,0.3,0.0,2018-04-18
162,0.2857142857142857,0.047619047619047616,0.2857142857142857,0.047619047619047616,0.3333333333333333,0.0,2018-04-19
163,0.23076923076923078,0.15384615384615385,0.38461538461538464,0.0,0.23076923076923078,0.0,2018-04-20
164,0.26666666666666666,0.06666666666666667,0.26666666666666666,0.06666666666666667,0.3333333333333333,0.0,2018-04-21
165,0.26666666666666666,0.06666666666666667,0.3333333333333333,0.0,0.3333333333333333,0.0,2018-04-22
166,0.2,0.13333333333333333,0.26666666666666666,0.06666666666666667,0.3333333333333333,0.0,2018-04-23
167,0.2857142857142857,0.047619047619047616,0.3333333333333333,0.0,0.3333333333333333,0.0,2018-04-24
168,0.16666666666666666,0.16666666666666666,0.2916666666666667,0.041666666666666664,0.3333333333333333,0.0,2018-04-25
169,0.2857142857142857,0.047619047619047616,0.3333333333333333,0.0,0.3333333333333333,0.0,2018-04-26
170,0.3333333333333333,0.0,0.13333333333333333,0.2,0.3333333333333333,0.0,2018-04-27
171,0.2,0.13333333333333333,0.26666666666666666,0.06666666666666667,0.3333333333333333,0.0,2018-04-28
172,0.25,0.1,0.25,0.05,0.35,0.0,2018-04-29
173,0.23809523809523808,0.09523809523809523,0.2857142857142857,0.047619047619047616,0.3333333333333333,0.0,2018-04-30
174,0.2916666666666667,0.041666666666666664,0.2916666666666667,0.041666666666666664,0.3333333333333333,0.0,2018-05-01
175,0.2222222222222222,0.1111111111111111,0.2777777777777778,0.05555555555555555,0.3333333333333333,0.0,2018-05-02
176,0.3076923076923077,0.07692307692307693,0.3076923076923077,0.07692307692307693,0.23076923076923078,0.0,2018-05-03
177,0.17647058823529413,0.17647058823529413,0.29411764705882354,0.058823529411764705,0.29411764705882354,0.0,2018-05-04
178,0.13333333333333333,0.2,0.3333333333333333,0.0,0.3333333333333333,0.0,2018-05-05
179,0.3333333333333333,0.0,0.3333333333333333,0.0,0.3333333333333333,0.0,2018-05-06
180,0.2857142857142857,0.047619047619047616,0.3333333333333333,0.0,0.3333333333333333,0.0,2018-05-07
181,0.3076923076923077,0.02564102564102564,0.28205128205128205,0.05128205128205128,0.3333333333333333,0.0,2018-05-09
182,0.26666666666666666,0.06666666666666667,0.3333333333333333,0.0,0.26666666666666666,0.06666666666666667,2018-05-08
183,0.2608695652173913,0.08695652173913043,0.2608695652173913,0.08695652173913043,0.30434782608695654,0.0,2018-05-10
184,0.23529411764705882,0.11764705882352941,0.29411764705882354,0.058823529411764705,0.29411764705882354,0.0,2018-05-11
185,0.26666666666666666,0.06666666666666667,0.3333333333333333,0.0,0.3333333333333333,0.0,2018-05-12
186,0.2,0.13333333333333333,0.26666666666666666,0.06666666666666667,0.3333333333333333,0.0,2018-05-13
187,0.2777777777777778,0.05555555555555555,0.3333333333333333,0.0,0.3333333333333333,0.0,2018-05-14
188,0.19047619047619047,0.14285714285714285,0.2857142857142857,0.047619047619047616,0.3333333333333333,0.0,2018-05-15
189,0.35294117647058826,0.0,0.35294117647058826,0.0,0.29411764705882354,0.0,2018-05-16
190,0.2777777777777778,0.05555555555555555,0.2777777777777778,0.05555555555555555,0.3333333333333333,0.0,2018-05-17
191,0.2,0.13333333333333333,0.26666666666666666,0.06666666666666667,0.3333333333333333,0.0,2018-05-18
192,0.35714285714285715,0.0,0.35714285714285715,0.0,0.2857142857142857,0.0,2018-05-19
193,0.16666666666666666,0.16666666666666666,0.25,0.08333333333333333,0.3333333333333333,0.0,2018-05-20
194,0.2,0.13333333333333333,0.3333333333333333,0.0,0.3333333333333333,0.0,2018-05-21
195,0.3333333333333333,0.0,0.3333333333333333,0.0,0.3333333333333333,0.0,2018-05-22
196,0.3333333333333333,0.0,0.26666666666666666,0.06666666666666667,0.3333333333333333,0.0,2018-05-23
197,0.2777777777777778,0.05555555555555555,0.3333333333333333,0.0,0.3333333333333333,0.0,2018-05-24
198,0.3333333333333333,0.0,0.2857142857142857,0.047619047619047616,0.3333333333333333,0.0,2018-05-25
199,0.2413793103448276,0.10344827586206896,0.2413793103448276,0.10344827586206896,0.3103448275862069,0.0,2018-05-26
200,0.2727272727272727,0.09090909090909091,0.2727272727272727,0.09090909090909091,0.2727272727272727,0.0,2018-05-27
201,0.29411764705882354,0.058823529411764705,0.29411764705882354,0.058823529411764705,0.29411764705882354,0.0,2018-05-28
202,0.2222222222222222,0.1111111111111111,0.2222222222222222,0.1111111111111111,0.2777777777777778,0.05555555555555555,2018-05-29
203,0.2222222222222222,0.1111111111111111,0.2222222222222222,0.1111111111111111,0.3333333333333333,0.0,2018-05-30
204,0.2608695652173913,0.08695652173913043,0.34782608695652173,0.0,0.30434782608695654,0.0,2018-05-31
205,0.1111111111111111,0.2222222222222222,0.2777777777777778,0.05555555555555555,0.3333333333333333,0.0,2018-06-01
206,0.25,0.125,0.375,0.0,0.25,0.0,2018-06-02
207,0.25,0.08333333333333333,0.25,0.08333333333333333,0.25,0.08333333333333333,2018-06-03
208,0.25,0.125,0.25,0.125,0.125,0.125,2018-06-04
209,0.35,0.0,0.35,0.0,0.3,0.0,2018-06-05
210,0.2222222222222222,0.1111111111111111,0.2777777777777778,0.05555555555555555,0.3333333333333333,0.0,2018-06-06
211,0.25,0.1,0.35,0.0,0.3,0.0,2018-06-07
212,0.25,0.1,0.25,0.1,0.3,0.0,2018-06-08
213,0.16666666666666666,0.16666666666666666,0.3333333333333333,0.0,0.3333333333333333,0.0,2018-06-09
214,0.1111111111111111,0.2222222222222222,0.1111111111111111,0.2222222222222222,0.3333333333333333,0.0,2018-06-10
215,0.26666666666666666,0.06666666666666667,0.3333333333333333,0.0,0.3333333333333333,0.0,2018-06-11
216,0.23809523809523808,0.09523809523809523,0.3333333333333333,0.0,0.3333333333333333,0.0,2018-06-12
217,0.38461538461538464,0.0,0.3076923076923077,0.07692307692307693,0.23076923076923078,0.0,2018-06-13
218,0.14285714285714285,0.19047619047619047,0.23809523809523808,0.09523809523809523,0.3333333333333333,0.0,2018-06-14
219,0.18518518518518517,0.14814814814814814,0.25925925925925924,0.07407407407407407,0.3333333333333333,0.0,2018-06-15
220,0.2857142857142857,0.07142857142857142,0.35714285714285715,0.0,0.2857142857142857,0.0,2018-06-16
221,0.2,0.13333333333333333,0.26666666666666666,0.06666666666666667,0.26666666666666666,0.06666666666666667,2018-06-17
222,0.23809523809523808,0.09523809523809523,0.23809523809523808,0.09523809523809523,0.3333333333333333,0.0,2018-06-18
223,0.16666666666666666,0.16666666666666666,0.16666666666666666,0.16666666666666666,0.3333333333333333,0.0,2018-06-19
224,0.3333333333333333,0.0,0.3333333333333333,0.0,0.3333333333333333,0.0,2018-06-20
225,0.20833333333333334,0.125,0.2916666666666667,0.041666666666666664,0.3333333333333333,0.0,2018-06-21
226,0.23529411764705882,0.11764705882352941,0.29411764705882354,0.058823529411764705,0.29411764705882354,0.0,2018-06-22
227,0.17647058823529413,0.17647058823529413,0.29411764705882354,0.058823529411764705,0.29411764705882354,0.0,2018-06-23
228,0.3333333333333333,0.0,0.3333333333333333,0.0,0.3333333333333333,0.0,2018-06-24
229,0.2916666666666667,0.041666666666666664,0.3333333333333333,0.0,0.3333333333333333,0.0,2018-06-25
230,0.3333333333333333,0.0,0.3333333333333333,0.0,0.3333333333333333,0.0,2018-06-26
231,0.3333333333333333,0.0,0.2916666666666667,0.041666666666666664,0.3333333333333333,0.0,2018-06-27
232,0.2857142857142857,0.07142857142857142,0.2857142857142857,0.07142857142857142,0.2857142857142857,0.0,2018-06-28
233,0.2777777777777778,0.05555555555555555,0.2222222222222222,0.1111111111111111,0.3333333333333333,0.0,2018-06-29
234,0.3333333333333333,0.0,0.4166666666666667,0.0,0.25,0.0,2018-06-30
235,0.3333333333333333,0.0,0.3333333333333333,0.0,0.3333333333333333,0.0,2018-07-01
236,0.35,0.0,0.3,0.05,0.3,0.0,2018-07-02
237,0.2916666666666667,0.041666666666666664,0.2916666666666667,0.041666666666666664,0.3333333333333333,0.0,2018-07-03
238,0.26666666666666666,0.06666666666666667,0.26666666666666666,0.06666666666666667,0.3333333333333333,0.0,2018-07-04
239,0.3125,0.0625,0.375,0.0,0.25,0.0,2018-07-05
240,0.26666666666666666,0.06666666666666667,0.26666666666666666,0.06666666666666667,0.3333333333333333,0.0,2018-07-06
241,0.16666666666666666,0.16666666666666666,0.25,0.08333333333333333,0.3333333333333333,0.0,2018-07-07
242,0.23809523809523808,0.14285714285714285,0.3333333333333333,0.0,0.2857142857142857,0.0,2018-07-08
243,0.2962962962962963,0.037037037037037035,0.2962962962962963,0.037037037037037035,0.3333333333333333,0.0,2018-07-09
244,0.1111111111111111,0.2222222222222222,0.2222222222222222,0.1111111111111111,0.3333333333333333,0.0,2018-07-10
245,0.26666666666666666,0.06666666666666667,0.2,0.13333333333333333,0.3333333333333333,0.0,2018-07-11
246,0.23529411764705882,0.11764705882352941,0.23529411764705882,0.11764705882352941,0.29411764705882354,0.0,2018-07-12
247,0.3333333333333333,0.0,0.3333333333333333,0.0,0.3333333333333333,0.0,2018-07-13
248,0.13333333333333333,0.2,0.26666666666666666,0.06666666666666667,0.3333333333333333,0.0,2018-07-14
249,0.1111111111111111,0.2222222222222222,0.2222222222222222,0.1111111111111111,0.3333333333333333,0.0,2018-07-15
250,0.2857142857142857,0.047619047619047616,0.2857142857142857,0.047619047619047616,0.3333333333333333,0.0,2018-07-16
251,0.2,0.13333333333333333,0.26666666666666666,0.06666666666666667,0.3333333333333333,0.0,2018-07-17
252,0.2222222222222222,0.1111111111111111,0.2777777777777778,0.05555555555555555,0.3333333333333333,0.0,2018-07-18
253,0.2222222222222222,0.1111111111111111,0.2962962962962963,0.037037037037037035,0.3333333333333333,0.0,2018-07-19
254,0.2222222222222222,0.1111111111111111,0.2777777777777778,0.05555555555555555,0.3333333333333333,0.0,2018-07-20
255,0.2857142857142857,0.07142857142857142,0.35714285714285715,0.0,0.2857142857142857,0.0,2018-07-21
256,0.26666666666666666,0.06666666666666667,0.3333333333333333,0.0,0.3333333333333333,0.0,2018-07-22
257,0.38461538461538464,0.0,0.38461538461538464,0.0,0.23076923076923078,0.0,2018-07-23
258,0.30434782608695654,0.043478260869565216,0.34782608695652173,0.0,0.30434782608695654,0.0,2018-07-24
259,0.2857142857142857,0.07142857142857142,0.35714285714285715,0.0,0.2857142857142857,0.0,2018-07-25
260,0.14285714285714285,0.21428571428571427,0.35714285714285715,0.0,0.2857142857142857,0.0,2018-07-26
261,0.26666666666666666,0.06666666666666667,0.26666666666666666,0.06666666666666667,0.3333333333333333,0.0,2018-07-27
262,0.21428571428571427,0.14285714285714285,0.35714285714285715,0.0,0.2857142857142857,0.0,2018-07-28
263,0.25,0.08333333333333333,0.3333333333333333,0.0,0.3333333333333333,0.0,2018-07-29
264,0.29411764705882354,0.058823529411764705,0.23529411764705882,0.11764705882352941,0.29411764705882354,0.0,2018-07-30
265,0.125,0.25,0.3125,0.0625,0.25,0.0,2018-07-31
266,0.23076923076923078,0.11538461538461539,0.3076923076923077,0.038461538461538464,0.3076923076923077,0.0,2018-08-01
267,0.13333333333333333,0.2,0.2,0.13333333333333333,0.3333333333333333,0.0,2018-08-02
268,0.375,0.0,0.3125,0.0625,0.25,0.0,2018-08-03
269,0.3333333333333333,0.0,0.3,0.03333333333333333,0.3333333333333333,0.0,2018-08-04
270,0.2,0.13333333333333333,0.2,0.13333333333333333,0.3333333333333333,0.0,2018-08-05
271,0.16666666666666666,0.16666666666666666,0.26666666666666666,0.06666666666666667,0.3,0.03333333333333333,2018-08-06
272,0.2857142857142857,0.047619047619047616,0.23809523809523808,0.09523809523809523,0.3333333333333333,0.0,2018-08-07
273,0.2916666666666667,0.041666666666666664,0.2916666666666667,0.041666666666666664,0.3333333333333333,0.0,2018-08-08
274,0.2857142857142857,0.047619047619047616,0.3333333333333333,0.0,0.3333333333333333,0.0,2018-08-09
275,0.2222222222222222,0.1111111111111111,0.2777777777777778,0.05555555555555555,0.3333333333333333,0.0,2018-08-10
276,0.3333333333333333,0.0,0.2777777777777778,0.05555555555555555,0.3333333333333333,0.0,2018-08-11
277,0.16666666666666666,0.16666666666666666,0.2222222222222222,0.1111111111111111,0.3333333333333333,0.0,2018-08-12
278,0.3333333333333333,0.0,0.26666666666666666,0.06666666666666667,0.3333333333333333,0.0,2018-08-13
279,0.375,0.0,0.25,0.0625,0.3125,0.0,2018-08-14
280,0.3,0.05,0.35,0.0,0.3,0.0,2018-08-15
281,0.25,0.08333333333333333,0.3333333333333333,0.0,0.3333333333333333,0.0,2018-08-16
282,0.2777777777777778,0.05555555555555555,0.2777777777777778,0.05555555555555555,0.3333333333333333,0.0,2018-08-17
283,0.3125,0.0625,0.375,0.0,0.25,0.0,2018-08-18
284,0.3333333333333333,0.0,0.26666666666666666,0.06666666666666667,0.3333333333333333,0.0,2018-08-19
285,0.25,0.1,0.3,0.05,0.3,0.0,2018-08-20
286,0.3181818181818182,0.045454545454545456,0.36363636363636365,0.0,0.2727272727272727,0.0,2018-08-21
287,0.20833333333333334,0.125,0.3333333333333333,0.0,0.3333333333333333,0.0,2018-08-22
288,0.35,0.0,0.35,0.0,0.3,0.0,2018-08-23
289,0.18518518518518517,0.14814814814814814,0.18518518518518517,0.14814814814814814,0.3333333333333333,0.0,2018-08-24
290,0.2222222222222222,0.1111111111111111,0.2777777777777778,0.05555555555555555,0.3333333333333333,0.0,2018-08-25
291,0.16666666666666666,0.16666666666666666,0.3333333333333333,0.0,0.3333333333333333,0.0,2018-08-26
292,0.35714285714285715,0.0,0.14285714285714285,0.14285714285714285,0.35714285714285715,0.0,2018-08-27
293,0.45454545454545453,0.0,0.45454545454545453,0.0,0.09090909090909091,0.0,2018-08-28
294,0.29411764705882354,0.058823529411764705,0.23529411764705882,0.058823529411764705,0.35294117647058826,0.0,2018-08-29
295,0.2777777777777778,0.05555555555555555,0.2222222222222222,0.1111111111111111,0.3333333333333333,0.0,2018-08-30
296,0.2857142857142857,0.07142857142857142,0.2857142857142857,0.0,0.35714285714285715,0.0,2018-08-31
297,0.3333333333333333,0.0,0.2777777777777778,0.05555555555555555,0.3333333333333333,0.0,2018-09-01
298,0.2,0.13333333333333333,0.13333333333333333,0.2,0.3333333333333333,0.0,2018-09-02
299,0.19047619047619047,0.14285714285714285,0.23809523809523808,0.09523809523809523,0.3333333333333333,0.0,2018-09-03
300,0.2857142857142857,0.047619047619047616,0.3333333333333333,0.0,0.3333333333333333,0.0,2018-09-04
301,0.21428571428571427,0.14285714285714285,0.21428571428571427,0.07142857142857142,0.35714285714285715,0.0,2018-09-05
302,0.25,0.1,0.35,0.0,0.3,0.0,2018-09-06
303,0.3684210526315789,0.0,0.2631578947368421,0.05263157894736842,0.3157894736842105,0.0,2018-09-07
304,0.3333333333333333,0.0,0.3333333333333333,0.0,0.3333333333333333,0.0,2018-09-08
305,0.3333333333333333,0.0,0.3333333333333333,0.0,0.3333333333333333,0.0,2018-09-09
306,0.2916666666666667,0.041666666666666664,0.3333333333333333,0.0,0.3333333333333333,0.0,2018-09-10
307,0.26666666666666666,0.06666666666666667,0.2,0.13333333333333333,0.3333333333333333,0.0,2018-09-11
308,0.3333333333333333,0.0,0.3333333333333333,0.0,0.3333333333333333,0.0,2018-09-12
309,0.25,0.1,0.3,0.05,0.3,0.0,2018-09-13
310,0.25,0.125,0.3125,0.0625,0.25,0.0,2018-09-14
311,0.26666666666666666,0.06666666666666667,0.3333333333333333,0.0,0.3333333333333333,0.0,2018-09-15
312,0.2857142857142857,0.07142857142857142,0.21428571428571427,0.07142857142857142,0.35714285714285715,0.0,2018-09-16
313,0.19047619047619047,0.14285714285714285,0.2857142857142857,0.047619047619047616,0.3333333333333333,0.0,2018-09-17
314,0.25,0.08333333333333333,0.3333333333333333,0.0,0.3333333333333333,0.0,2018-09-18
315,0.3157894736842105,0.05263157894736842,0.2631578947368421,0.10526315789473684,0.2631578947368421,0.0,2018-09-19
316,0.2727272727272727,0.09090909090909091,0.2727272727272727,0.09090909090909091,0.2727272727272727,0.0,2018-09-20
317,0.3333333333333333,0.0,0.2916666666666667,0.041666666666666664,0.3333333333333333,0.0,2018-09-21
318,0.16666666666666666,0.16666666666666666,0.25,0.08333333333333333,0.3333333333333333,0.0,2018-09-22
319,0.2,0.13333333333333333,0.3333333333333333,0.0,0.26666666666666666,0.06666666666666667,2018-09-23
320,0.25,0.08333333333333333,0.25,0.08333333333333333,0.2916666666666667,0.041666666666666664,2018-09-24
321,0.2,0.15,0.25,0.05,0.35,0.0,2018-09-25
322,0.2777777777777778,0.05555555555555555,0.2777777777777778,0.05555555555555555,0.3333333333333333,0.0,2018-09-26
323,0.16666666666666666,0.16666666666666666,0.2777777777777778,0.05555555555555555,0.3333333333333333,0.0,2018-09-27
324,0.3,0.05,0.25,0.1,0.3,0.0,2018-09-28
325,0.26666666666666666,0.06666666666666667,0.3333333333333333,0.0,0.3333333333333333,0.0,2018-09-29
326,0.3333333333333333,0.0,0.26666666666666666,0.06666666666666667,0.3333333333333333,0.0,2018-09-30
327,0.15384615384615385,0.23076923076923078,0.3076923076923077,0.07692307692307693,0.23076923076923078,0.0,2018-10-01
328,0.35714285714285715,0.0,0.35714285714285715,0.0,0.2857142857142857,0.0,2018-10-02
329,0.25,0.08333333333333333,0.3333333333333333,0.0,0.3333333333333333,0.0,2018-10-03
330,0.3333333333333333,0.0,0.2857142857142857,0.047619047619047616,0.3333333333333333,0.0,2018-10-04
331,0.35714285714285715,0.0,0.2857142857142857,0.07142857142857142,0.2857142857142857,0.0,2018-10-05
332,0.29411764705882354,0.058823529411764705,0.35294117647058826,0.0,0.29411764705882354,0.0,2018-10-06
333,0.2857142857142857,0.07142857142857142,0.35714285714285715,0.0,0.2857142857142857,0.0,2018-10-07
334,0.3333333333333333,0.06666666666666667,0.26666666666666666,0.13333333333333333,0.2,0.0,2018-10-08
335,0.16666666666666666,0.16666666666666666,0.25,0.08333333333333333,0.3333333333333333,0.0,2018-10-09
336,0.17647058823529413,0.17647058823529413,0.29411764705882354,0.058823529411764705,0.29411764705882354,0.0,2018-10-10
337,0.3888888888888889,0.0,0.3333333333333333,0.0,0.2222222222222222,0.05555555555555555,2018-10-11
338,0.25,0.08333333333333333,0.3333333333333333,0.0,0.3333333333333333,0.0,2018-10-12
339,0.26666666666666666,0.06666666666666667,0.3333333333333333,0.0,0.3333333333333333,0.0,2018-10-13
340,0.26666666666666666,0.06666666666666667,0.26666666666666666,0.06666666666666667,0.3333333333333333,0.0,2018-10-14
341,0.35294117647058826,0.0,0.29411764705882354,0.058823529411764705,0.23529411764705882,0.058823529411764705,2018-10-15
342,0.2222222222222222,0.1111111111111111,0.2222222222222222,0.1111111111111111,0.3333333333333333,0.0,2018-10-16
343,0.16666666666666666,0.16666666666666666,0.2222222222222222,0.1111111111111111,0.3333333333333333,0.0,2018-10-17
344,0.2857142857142857,0.07142857142857142,0.2857142857142857,0.07142857142857142,0.2857142857142857,0.0,2018-10-18
345,0.23529411764705882,0.11764705882352941,0.35294117647058826,0.0,0.29411764705882354,0.0,2018-10-19
346,0.2222222222222222,0.1111111111111111,0.3333333333333333,0.0,0.3333333333333333,0.0,2018-10-20
347,0.3333333333333333,0.0,0.26666666666666666,0.06666666666666667,0.3333333333333333,0.0,2018-10-21
348,0.2777777777777778,0.05555555555555555,0.2222222222222222,0.1111111111111111,0.3333333333333333,0.0,2018-10-22
349,0.26666666666666666,0.06666666666666667,0.26666666666666666,0.06666666666666667,0.3333333333333333,0.0,2018-10-23
350,0.21428571428571427,0.14285714285714285,0.35714285714285715,0.0,0.2857142857142857,0.0,2018-10-24
351,0.23809523809523808,0.09523809523809523,0.23809523809523808,0.09523809523809523,0.3333333333333333,0.0,2018-10-25
352,0.2777777777777778,0.05555555555555555,0.2777777777777778,0.05555555555555555,0.3333333333333333,0.0,2018-10-26
353,0.3333333333333333,0.0,0.3333333333333333,0.0,0.3333333333333333,0.0,2018-10-27
354,0.29411764705882354,0.058823529411764705,0.29411764705882354,0.058823529411764705,0.29411764705882354,0.0,2018-10-28
355,0.3,0.05,0.25,0.1,0.3,0.0,2018-10-29
356,0.2777777777777778,0.05555555555555555,0.2222222222222222,0.1111111111111111,0.3333333333333333,0.0,2018-10-30
357,0.3333333333333333,0.0,0.3333333333333333,0.0,0.3333333333333333,0.0,2018-10-31
358,0.2777777777777778,0.05555555555555555,0.3333333333333333,0.0,0.3333333333333333,0.0,2018-11-01
359,0.375,0.0,0.1875,0.1875,0.25,0.0,2018-11-02
360,0.13333333333333333,0.2,0.26666666666666666,0.06666666666666667,0.3333333333333333,0.0,2018-11-03
361,0.2,0.13333333333333333,0.3333333333333333,0.0,0.3333333333333333,0.0,2018-11-04
362,0.23809523809523808,0.09523809523809523,0.3333333333333333,0.0,0.3333333333333333,0.0,2018-11-05
363,0.2777777777777778,0.05555555555555555,0.2777777777777778,0.05555555555555555,0.3333333333333333,0.0,2018-11-06
364,0.29411764705882354,0.058823529411764705,0.35294117647058826,0.0,0.29411764705882354,0.0,2018-11-07
365,0.22727272727272727,0.13636363636363635,0.3181818181818182,0.0,0.2727272727272727,0.045454545454545456,2018-11-08
366,0.25,0.08333333333333333,0.16666666666666666,0.16666666666666666,0.2916666666666667,0.041666666666666664,2018-11-09
367,0.19047619047619047,0.14285714285714285,0.23809523809523808,0.09523809523809523,0.3333333333333333,0.0,2018-11-10
368,0.26666666666666666,0.06666666666666667,0.26666666666666666,0.06666666666666667,0.3333333333333333,0.0,2018-11-11
369,0.42857142857142855,0.0,0.2857142857142857,0.14285714285714285,0.14285714285714285,0.0,2018-11-12
370,0.2857142857142857,0.07142857142857142,0.35714285714285715,0.0,0.2857142857142857,0.0,2018-11-13
371,0.26666666666666666,0.06666666666666667,0.3333333333333333,0.0,0.3333333333333333,0.0,2018-11-14
372,0.3333333333333333,0.041666666666666664,0.25,0.0,0.25,0.125,2018-11-15
373,0.3,0.05,0.3,0.0,0.3,0.05,2018-11-16
374,0.26666666666666666,0.06666666666666667,0.26666666666666666,0.06666666666666667,0.3333333333333333,0.0,2018-11-17
375,0.08333333333333333,0.25,0.3333333333333333,0.0,0.3333333333333333,0.0,2018-11-18
376,0.19047619047619047,0.14285714285714285,0.23809523809523808,0.09523809523809523,0.2857142857142857,0.047619047619047616,2018-11-19
377,0.1875,0.1875,0.25,0.125,0.25,0.0,2018-11-20
378,0.2631578947368421,0.10526315789473684,0.3157894736842105,0.0,0.2631578947368421,0.05263157894736842,2018-11-21
379,0.19047619047619047,0.14285714285714285,0.3333333333333333,0.0,0.3333333333333333,0.0,2018-11-22
380,0.4166666666666667,0.0,0.25,0.08333333333333333,0.16666666666666666,0.08333333333333333,2018-11-23
381,0.35714285714285715,0.0,0.35714285714285715,0.0,0.2857142857142857,0.0,2018-11-24
382,0.26666666666666666,0.06666666666666667,0.3333333333333333,0.0,0.3333333333333333,0.0,2018-11-25
383,0.21428571428571427,0.14285714285714285,0.2857142857142857,0.07142857142857142,0.2857142857142857,0.0,2018-11-26
384,0.29411764705882354,0.058823529411764705,0.35294117647058826,0.0,0.29411764705882354,0.0,2018-11-27
385,0.3333333333333333,0.0,0.2777777777777778,0.05555555555555555,0.3333333333333333,0.0,2018-11-28
386,0.2777777777777778,0.05555555555555555,0.3333333333333333,0.0,0.3333333333333333,0.0,2018-11-29
387,0.26666666666666666,0.06666666666666667,0.3333333333333333,0.0,0.3333333333333333,0.0,2018-11-30
388,0.2777777777777778,0.05555555555555555,0.3333333333333333,0.0,0.3333333333333333,0.0,2018-12-01
389,0.13333333333333333,0.2,0.3333333333333333,0.0,0.3333333333333333,0.0,2018-12-02
390,0.2608695652173913,0.08695652173913043,0.34782608695652173,0.0,0.30434782608695654,0.0,2018-12-03
391,0.2777777777777778,0.05555555555555555,0.2777777777777778,0.05555555555555555,0.3333333333333333,0.0,2018-12-04
392,0.3333333333333333,0.0,0.26666666666666666,0.06666666666666667,0.26666666666666666,0.06666666666666667,2018-12-05
393,0.3333333333333333,0.0,0.26666666666666666,0.06666666666666667,0.3333333333333333,0.0,2018-12-06
394,0.25,0.125,0.1875,0.0625,0.25,0.125,2018-12-07
395,0.3333333333333333,0.0,0.16666666666666666,0.16666666666666666,0.3333333333333333,0.0,2018-12-08
396,0.2,0.13333333333333333,0.3333333333333333,0.0,0.3333333333333333,0.0,2018-12-09
397,0.2222222222222222,0.1111111111111111,0.2777777777777778,0.05555555555555555,0.3333333333333333,0.0,2018-12-10
398,0.2777777777777778,0.05555555555555555,0.2777777777777778,0.05555555555555555,0.3333333333333333,0.0,2018-12-11
399,0.3333333333333333,0.0,0.3333333333333333,0.0,0.3333333333333333,0.0,2018-12-12
400,0.25,0.1,0.25,0.05,0.3,0.05,2018-12-13
401,0.26666666666666666,0.06666666666666667,0.3333333333333333,0.0,0.3333333333333333,0.0,2018-12-14
402,0.2777777777777778,0.05555555555555555,0.2777777777777778,0.05555555555555555,0.3333333333333333,0.0,2018-12-15
403,0.25,0.08333333333333333,0.3333333333333333,0.0,0.3333333333333333,0.0,2018-12-16
404,0.2857142857142857,0.047619047619047616,0.2857142857142857,0.047619047619047616,0.3333333333333333,0.0,2018-12-17
405,0.1111111111111111,0.2222222222222222,0.2222222222222222,0.1111111111111111,0.3333333333333333,0.0,2018-12-18
406,0.13333333333333333,0.2,0.3333333333333333,0.0,0.3333333333333333,0.0,2018-12-19
407,0.3,0.05,0.25,0.1,0.3,0.0,2018-12-20
408,0.32,0.04,0.24,0.08,0.32,0.0,2018-12-21
409,0.26666666666666666,0.06666666666666667,0.3333333333333333,0.0,0.3333333333333333,0.0,2018-12-22
410,0.2,0.13333333333333333,0.3333333333333333,0.0,0.3333333333333333,0.0,2018-12-23
411,0.2222222222222222,0.1111111111111111,0.2777777777777778,0.05555555555555555,0.3333333333333333,0.0,2018-12-24
412,0.2,0.13333333333333333,0.3333333333333333,0.0,0.3333333333333333,0.0,2018-12-25
413,0.3333333333333333,0.08333333333333333,0.4166666666666667,0.0,0.16666666666666666,0.0,2018-12-26
414,0.2777777777777778,0.05555555555555555,0.2777777777777778,0.05555555555555555,0.3333333333333333,0.0,2018-12-27
415,0.2,0.13333333333333333,0.2,0.13333333333333333,0.3333333333333333,0.0,2018-12-28
416,0.26666666666666666,0.06666666666666667,0.3333333333333333,0.0,0.3333333333333333,0.0,2018-12-29
417,0.3333333333333333,0.0,0.3333333333333333,0.0,0.3333333333333333,0.0,2018-12-30
418,0.2916666666666667,0.041666666666666664,0.25,0.08333333333333333,0.3333333333333333,0.0,2018-12-31
419,0.26666666666666666,0.06666666666666667,0.13333333333333333,0.2,0.3333333333333333,0.0,2019-01-01
420,0.3333333333333333,0.0,0.3333333333333333,0.0,0.3333333333333333,0.0,2019-01-02
421,0.2962962962962963,0.037037037037037035,0.3333333333333333,0.0,0.3333333333333333,0.0,2019-01-03
422,0.20833333333333334,0.125,0.2916666666666667,0.041666666666666664,0.3333333333333333,0.0,2019-01-04
423,0.2727272727272727,0.09090909090909091,0.18181818181818182,0.18181818181818182,0.2727272727272727,0.0,2019-01-05
424,0.3333333333333333,0.0,0.2,0.13333333333333333,0.3333333333333333,0.0,2019-01-06
425,0.2777777777777778,0.05555555555555555,0.3333333333333333,0.0,0.3333333333333333,0.0,2019-01-07
426,0.26666666666666666,0.06666666666666667,0.2,0.13333333333333333,0.3333333333333333,0.0,2019-01-08
427,0.38461538461538464,0.0,0.3076923076923077,0.0,0.3076923076923077,0.0,2019-01-09
428,0.3,0.03333333333333333,0.3333333333333333,0.0,0.3333333333333333,0.0,2019-01-10
429,0.2857142857142857,0.047619047619047616,0.23809523809523808,0.09523809523809523,0.3333333333333333,0.0,2019-01-11
430,0.2222222222222222,0.1111111111111111,0.3333333333333333,0.0,0.3333333333333333,0.0,2019-01-12
431,0.2727272727272727,0.09090909090909091,0.18181818181818182,0.18181818181818182,0.2727272727272727,0.0,2019-01-13
432,0.2777777777777778,0.05555555555555555,0.2777777777777778,0.05555555555555555,0.2777777777777778,0.05555555555555555,2019-01-14
433,0.25,0.125,0.25,0.0625,0.3125,0.0,2019-01-15
434,0.2857142857142857,0.07142857142857142,0.35714285714285715,0.0,0.2857142857142857,0.0,2019-01-16
435,0.23076923076923078,0.15384615384615385,0.23076923076923078,0.07692307692307693,0.3076923076923077,0.0,2019-01-17
436,0.2,0.13333333333333333,0.3333333333333333,0.0,0.3333333333333333,0.0,2019-01-18
437,0.3333333333333333,0.0,0.16666666666666666,0.16666666666666666,0.3333333333333333,0.0,2019-01-19
438,0.13333333333333333,0.2,0.3333333333333333,0.0,0.3333333333333333,0.0,2019-01-20
439,0.3,0.05,0.3,0.05,0.3,0.0,2019-01-22
440,0.26666666666666666,0.06666666666666667,0.3333333333333333,0.0,0.3333333333333333,0.0,2019-01-21
441,0.16666666666666666,0.16666666666666666,0.3333333333333333,0.0,0.3333333333333333,0.0,2019-01-23
442,0.26666666666666666,0.06666666666666667,0.2,0.13333333333333333,0.3333333333333333,0.0,2019-01-24
443,0.3125,0.0625,0.3125,0.0,0.3125,0.0,2019-01-25
444,0.2777777777777778,0.05555555555555555,0.3333333333333333,0.0,0.3333333333333333,0.0,2019-01-26
445,0.3333333333333333,0.08333333333333333,0.08333333333333333,0.25,0.25,0.0,2019-01-27
446,0.3333333333333333,0.047619047619047616,0.3333333333333333,0.0,0.2857142857142857,0.0,2019-01-28
447,0.2777777777777778,0.05555555555555555,0.2777777777777778,0.05555555555555555,0.3333333333333333,0.0,2019-01-29
448,0.3181818181818182,0.045454545454545456,0.2727272727272727,0.045454545454545456,0.3181818181818182,0.0,2019-01-30
449,0.2857142857142857,0.047619047619047616,0.3333333333333333,0.0,0.3333333333333333,0.0,2019-01-31
450,0.29411764705882354,0.11764705882352941,0.23529411764705882,0.11764705882352941,0.23529411764705882,0.0,2019-02-01
451,0.3333333333333333,0.0,0.26666666666666666,0.06666666666666667,0.3333333333333333,0.0,2019-02-02
452,0.25,0.08333333333333333,0.25,0.08333333333333333,0.3333333333333333,0.0,2019-02-03
453,0.3333333333333333,0.1111111111111111,0.3333333333333333,0.1111111111111111,0.1111111111111111,0.0,2019-02-04
454,0.35714285714285715,0.0,0.21428571428571427,0.14285714285714285,0.21428571428571427,0.07142857142857142,2019-02-05
455,0.21428571428571427,0.14285714285714285,0.21428571428571427,0.14285714285714285,0.2857142857142857,0.0,2019-02-06
456,0.3,0.05,0.35,0.0,0.3,0.0,2019-02-07
457,0.2777777777777778,0.05555555555555555,0.2777777777777778,0.05555555555555555,0.3333333333333333,0.0,2019-02-08
458,0.26666666666666666,0.06666666666666667,0.3333333333333333,0.0,0.3333333333333333,0.0,2019-02-09
459,0.26666666666666666,0.06666666666666667,0.26666666666666666,0.06666666666666667,0.3333333333333333,0.0,2019-02-10
460,0.35714285714285715,0.0,0.35714285714285715,0.0,0.2857142857142857,0.0,2019-02-11
461,0.4,0.0,0.26666666666666666,0.06666666666666667,0.26666666666666666,0.0,2019-02-12
462,0.3076923076923077,0.07692307692307693,0.3076923076923077,0.0,0.3076923076923077,0.0,2019-02-13
463,0.3333333333333333,0.0,0.3333333333333333,0.0,0.3333333333333333,0.0,2019-02-14
464,0.1111111111111111,0.2222222222222222,0.16666666666666666,0.16666666666666666,0.3333333333333333,0.0,2019-02-15
465,0.1111111111111111,0.2222222222222222,0.2777777777777778,0.05555555555555555,0.3333333333333333,0.0,2019-02-16
466,0.26666666666666666,0.06666666666666667,0.26666666666666666,0.06666666666666667,0.3333333333333333,0.0,2019-02-17
467,0.19230769230769232,0.15384615384615385,0.3076923076923077,0.038461538461538464,0.3076923076923077,0.0,2019-02-18
468,0.3076923076923077,0.038461538461538464,0.3076923076923077,0.038461538461538464,0.3076923076923077,0.0,2019-02-19
469,0.23076923076923078,0.10256410256410256,0.28205128205128205,0.05128205128205128,0.3333333333333333,0.0,2019-02-20
470,0.25,0.08333333333333333,0.3333333333333333,0.0,0.3333333333333333,0.0,2019-02-21
471,0.2857142857142857,0.07142857142857142,0.2857142857142857,0.07142857142857142,0.2857142857142857,0.0,2019-02-22
472,0.3333333333333333,0.0,0.3333333333333333,0.0,0.3333333333333333,0.0,2019-02-23
473,0.25,0.1,0.3,0.05,0.3,0.0,2019-02-25
474,0.3333333333333333,0.0,0.25,0.08333333333333333,0.3333333333333333,0.0,2019-02-24
475,0.25,0.08333333333333333,0.2916666666666667,0.041666666666666664,0.3333333333333333,0.0,2019-02-26
476,0.26666666666666666,0.06666666666666667,0.3333333333333333,0.0,0.3333333333333333,0.0,2019-02-27
477,0.38461538461538464,0.0,0.38461538461538464,0.0,0.23076923076923078,0.0,2019-02-28
478,0.11764705882352941,0.23529411764705882,0.29411764705882354,0.058823529411764705,0.29411764705882354,0.0,2019-03-01
479,0.2777777777777778,0.05555555555555555,0.3333333333333333,0.0,0.3333333333333333,0.0,2019-03-02
480,0.26666666666666666,0.06666666666666667,0.26666666666666666,0.06666666666666667,0.3333333333333333,0.0,2019-03-03
481,0.38461538461538464,0.0,0.38461538461538464,0.0,0.23076923076923078,0.0,2019-03-04
482,0.08333333333333333,0.25,0.3333333333333333,0.0,0.3333333333333333,0.0,2019-03-05
483,0.3333333333333333,0.0,0.26666666666666666,0.06666666666666667,0.3333333333333333,0.0,2019-03-06
484,0.2916666666666667,0.041666666666666664,0.20833333333333334,0.125,0.3333333333333333,0.0,2019-03-07
485,0.2916666666666667,0.041666666666666664,0.2916666666666667,0.041666666666666664,0.3333333333333333,0.0,2019-03-08
486,0.26666666666666666,0.06666666666666667,0.3333333333333333,0.0,0.3333333333333333,0.0,2019-03-09
487,0.3333333333333333,0.0,0.2777777777777778,0.05555555555555555,0.3333333333333333,0.0,2019-03-10
488,0.35294117647058826,0.0,0.29411764705882354,0.058823529411764705,0.29411764705882354,0.0,2019-03-11
489,0.32,0.04,0.36,0.0,0.28,0.0,2019-03-12
490,0.26666666666666666,0.06666666666666667,0.26666666666666666,0.06666666666666667,0.3333333333333333,0.0,2019-03-13
491,0.2,0.13333333333333333,0.3333333333333333,0.0,0.3333333333333333,0.0,2019-03-14
492,0.26666666666666666,0.06666666666666667,0.3,0.03333333333333333,0.3333333333333333,0.0,2019-03-15
493,0.3333333333333333,0.0,0.3333333333333333,0.0,0.3333333333333333,0.0,2019-03-16
494,0.26666666666666666,0.06666666666666667,0.26666666666666666,0.06666666666666667,0.3333333333333333,0.0,2019-03-17
495,0.26666666666666666,0.06666666666666667,0.3333333333333333,0.0,0.3333333333333333,0.0,2019-03-18
496,0.3333333333333333,0.0,0.3333333333333333,0.0,0.3333333333333333,0.0,2019-03-19
497,0.35294117647058826,0.0,0.29411764705882354,0.058823529411764705,0.29411764705882354,0.0,2019-03-20
498,0.35,0.0,0.3,0.05,0.3,0.0,2019-03-21
499,0.3333333333333333,0.0,0.3333333333333333,0.0,0.3333333333333333,0.0,2019-03-22
500,0.13333333333333333,0.2,0.2,0.13333333333333333,0.3333333333333333,0.0,2019-03-23
501,0.125,0.25,0.25,0.125,0.25,0.0,2019-03-24
502,0.35,0.0,0.2,0.15,0.3,0.0,2019-03-25
503,0.26666666666666666,0.06666666666666667,0.26666666666666666,0.06666666666666667,0.3333333333333333,0.0,2019-03-26
504,0.25,0.1,0.25,0.1,0.3,0.0,2019-03-27
505,0.25,0.08333333333333333,0.25,0.08333333333333333,0.3333333333333333,0.0,2019-03-28
506,0.1111111111111111,0.2222222222222222,0.2777777777777778,0.05555555555555555,0.3333333333333333,0.0,2019-03-29
507,0.06666666666666667,0.26666666666666666,0.2,0.13333333333333333,0.26666666666666666,0.06666666666666667,2019-03-30
508,0.2777777777777778,0.05555555555555555,0.2777777777777778,0.05555555555555555,0.3333333333333333,0.0,2019-03-31
509,0.11764705882352941,0.23529411764705882,0.23529411764705882,0.11764705882352941,0.29411764705882354,0.0,2019-04-01
510,0.26666666666666666,0.06666666666666667,0.3333333333333333,0.0,0.3333333333333333,0.0,2019-04-02
511,0.3333333333333333,0.0,0.3333333333333333,0.0,0.3333333333333333,0.0,2019-04-03
512,0.3076923076923077,0.07692307692307693,0.38461538461538464,0.0,0.15384615384615385,0.07692307692307693,2019-04-04
513,0.3333333333333333,0.0,0.3333333333333333,0.0,0.3333333333333333,0.0,2019-04-05
514,0.25,0.08333333333333333,0.25,0.08333333333333333,0.3333333333333333,0.0,2019-04-06
515,0.2222222222222222,0.1111111111111111,0.3333333333333333,0.0,0.3333333333333333,0.0,2019-04-07
516,0.2608695652173913,0.08695652173913043,0.34782608695652173,0.0,0.30434782608695654,0.0,2019-04-08
517,0.29411764705882354,0.058823529411764705,0.29411764705882354,0.058823529411764705,0.29411764705882354,0.0,2019-04-09
518,0.375,0.0,0.375,0.0,0.25,0.0,2019-04-10
519,0.3333333333333333,0.0,0.3333333333333333,0.0,0.3333333333333333,0.0,2019-04-11
520,0.23809523809523808,0.09523809523809523,0.3333333333333333,0.0,0.3333333333333333,0.0,2019-04-12
521,0.19047619047619047,0.14285714285714285,0.2857142857142857,0.047619047619047616,0.3333333333333333,0.0,2019-04-13
522,0.35294117647058826,0.0,0.35294117647058826,0.0,0.29411764705882354,0.0,2019-04-14
523,0.26666666666666666,0.06666666666666667,0.3333333333333333,0.0,0.3333333333333333,0.0,2019-04-15
524,0.2857142857142857,0.047619047619047616,0.2857142857142857,0.047619047619047616,0.3333333333333333,0.0,2019-04-16
525,0.2608695652173913,0.08695652173913043,0.34782608695652173,0.0,0.30434782608695654,0.0,2019-04-17
526,0.21428571428571427,0.14285714285714285,0.21428571428571427,0.14285714285714285,0.2857142857142857,0.0,2019-04-18
527,0.23529411764705882,0.11764705882352941,0.35294117647058826,0.0,0.29411764705882354,0.0,2019-04-19
528,0.25,0.08333333333333333,0.16666666666666666,0.16666666666666666,0.3333333333333333,0.0,2019-04-20
529,0.3333333333333333,0.0,0.3333333333333333,0.0,0.3333333333333333,0.0,2019-04-21
530,0.35,0.0,0.35,0.0,0.3,0.0,2019-04-22
531,0.09523809523809523,0.23809523809523808,0.2857142857142857,0.047619047619047616,0.3333333333333333,0.0,2019-04-23
532,0.35714285714285715,0.0,0.2857142857142857,0.07142857142857142,0.2857142857142857,0.0,2019-04-25
533,0.2777777777777778,0.05555555555555555,0.3333333333333333,0.0,0.3333333333333333,0.0,2019-04-24
534,0.2,0.15,0.35,0.0,0.3,0.0,2019-04-26
535,0.35714285714285715,0.0,0.2857142857142857,0.0,0.35714285714285715,0.0,2019-04-27
536,0.2857142857142857,0.07142857142857142,0.2857142857142857,0.07142857142857142,0.2857142857142857,0.0,2019-04-28
537,0.3333333333333333,0.0,0.3333333333333333,0.0,0.3333333333333333,0.0,2019-04-29
538,0.3333333333333333,0.0,0.3333333333333333,0.0,0.3333333333333333,0.0,2019-04-30
539,0.26666666666666666,0.06666666666666667,0.3333333333333333,0.0,0.3333333333333333,0.0,2019-05-01
540,0.35,0.0,0.3,0.05,0.3,0.0,2019-05-02
541,0.2,0.13333333333333333,0.26666666666666666,0.06666666666666667,0.3333333333333333,0.0,2019-05-03
542,0.25,0.08333333333333333,0.3333333333333333,0.0,0.3333333333333333,0.0,2019-05-04
543,0.2857142857142857,0.07142857142857142,0.35714285714285715,0.0,0.2857142857142857,0.0,2019-05-05
544,0.2857142857142857,0.07142857142857142,0.35714285714285715,0.0,0.2857142857142857,0.0,2019-05-06
545,0.13333333333333333,0.2,0.2,0.13333333333333333,0.3333333333333333,0.0,2019-05-07
546,0.17647058823529413,0.17647058823529413,0.29411764705882354,0.058823529411764705,0.29411764705882354,0.0,2019-05-08
547,0.375,0.0,0.3125,0.0,0.3125,0.0,2019-05-09
548,0.14285714285714285,0.19047619047619047,0.2857142857142857,0.047619047619047616,0.3333333333333333,0.0,2019-05-10
549,0.25,0.08333333333333333,0.3333333333333333,0.0,0.3333333333333333,0.0,2019-05-11
550,0.2777777777777778,0.05555555555555555,0.3333333333333333,0.0,0.3333333333333333,0.0,2019-05-12
551,0.2,0.13333333333333333,0.26666666666666666,0.06666666666666667,0.3333333333333333,0.0,2019-05-13
552,0.25,0.125,0.1875,0.125,0.3125,0.0,2019-05-14
553,0.35,0.0,0.35,0.0,0.3,0.0,2019-05-15
554,0.2777777777777778,0.05555555555555555,0.3333333333333333,0.0,0.3333333333333333,0.0,2019-05-16
555,0.3125,0.0625,0.25,0.0625,0.3125,0.0,2019-05-17
556,0.3333333333333333,0.0,0.3333333333333333,0.0,0.3333333333333333,0.0,2019-05-18
557,0.16666666666666666,0.16666666666666666,0.25,0.08333333333333333,0.3333333333333333,0.0,2019-05-19
558,0.3333333333333333,0.0,0.3333333333333333,0.0,0.3333333333333333,0.0,2019-05-20
559,0.3103448275862069,0.034482758620689655,0.27586206896551724,0.06896551724137931,0.3103448275862069,0.0,2019-05-21
560,0.23809523809523808,0.09523809523809523,0.2857142857142857,0.047619047619047616,0.3333333333333333,0.0,2019-05-22
561,0.3333333333333333,0.0,0.2857142857142857,0.047619047619047616,0.3333333333333333,0.0,2019-05-23
562,0.35714285714285715,0.0,0.35714285714285715,0.0,0.2857142857142857,0.0,2019-05-24
563,0.16666666666666666,0.16666666666666666,0.3333333333333333,0.0,0.3333333333333333,0.0,2019-05-25
564,0.06666666666666667,0.26666666666666666,0.2,0.13333333333333333,0.3333333333333333,0.0,2019-05-26
565,0.2857142857142857,0.07142857142857142,0.35714285714285715,0.0,0.2857142857142857,0.0,2019-05-27
566,0.2,0.13333333333333333,0.3,0.03333333333333333,0.3333333333333333,0.0,2019-05-28
567,0.23333333333333334,0.1,0.3,0.03333333333333333,0.3333333333333333,0.0,2019-05-29
568,0.2916666666666667,0.041666666666666664,0.3333333333333333,0.0,0.3333333333333333,0.0,2019-05-30
569,0.2,0.13333333333333333,0.26666666666666666,0.06666666666666667,0.3333333333333333,0.0,2019-05-31
570,0.3333333333333333,0.0,0.3333333333333333,0.0,0.3333333333333333,0.0,2019-06-01
571,0.2,0.13333333333333333,0.3333333333333333,0.0,0.3333333333333333,0.0,2019-06-02
572,0.25,0.08333333333333333,0.08333333333333333,0.25,0.3333333333333333,0.0,2019-06-03
573,0.3684210526315789,0.0,0.3157894736842105,0.0,0.3157894736842105,0.0,2019-06-04
574,0.3125,0.0625,0.375,0.0,0.25,0.0,2019-06-05
575,0.3333333333333333,0.0,0.3333333333333333,0.0,0.3333333333333333,0.0,2019-06-06
576,0.3125,0.0625,0.3125,0.0,0.3125,0.0,2019-06-07
577,0.26666666666666666,0.06666666666666667,0.3333333333333333,0.0,0.3333333333333333,0.0,2019-06-08
578,0.2,0.13333333333333333,0.3333333333333333,0.0,0.3333333333333333,0.0,2019-06-09
579,0.3333333333333333,0.0,0.26666666666666666,0.06666666666666667,0.3333333333333333,0.0,2019-06-10
580,0.26666666666666666,0.06666666666666667,0.3333333333333333,0.0,0.3333333333333333,0.0,2019-06-11
581,0.23529411764705882,0.11764705882352941,0.35294117647058826,0.0,0.29411764705882354,0.0,2019-06-12
582,0.3076923076923077,0.038461538461538464,0.3076923076923077,0.038461538461538464,0.3076923076923077,0.0,2019-06-13
583,0.26666666666666666,0.06666666666666667,0.26666666666666666,0.06666666666666667,0.26666666666666666,0.06666666666666667,2019-06-14
584,0.25,0.08333333333333333,0.3333333333333333,0.0,0.3333333333333333,0.0,2019-06-15
585,0.29411764705882354,0.058823529411764705,0.35294117647058826,0.0,0.29411764705882354,0.0,2019-06-16
586,0.2857142857142857,0.07142857142857142,0.35714285714285715,0.0,0.2857142857142857,0.0,2019-06-17
587,0.26666666666666666,0.06666666666666667,0.3,0.03333333333333333,0.3333333333333333,0.0,2019-06-18
588,0.2,0.13333333333333333,0.3333333333333333,0.0,0.3333333333333333,0.0,2019-06-19
589,0.16666666666666666,0.16666666666666666,0.25,0.08333333333333333,0.3333333333333333,0.0,2019-06-20
590,0.3333333333333333,0.0,0.3333333333333333,0.0,0.3333333333333333,0.0,2019-06-21
591,0.26666666666666666,0.06666666666666667,0.26666666666666666,0.06666666666666667,0.3333333333333333,0.0,2019-06-22
592,0.26666666666666666,0.06666666666666667,0.3333333333333333,0.0,0.3333333333333333,0.0,2019-06-23
593,0.2857142857142857,0.047619047619047616,0.3333333333333333,0.0,0.3333333333333333,0.0,2019-06-24
594,0.2222222222222222,0.1111111111111111,0.3333333333333333,0.0,0.3333333333333333,0.0,2019-06-25
595,0.35714285714285715,0.0,0.2857142857142857,0.07142857142857142,0.2857142857142857,0.0,2019-06-26
596,0.3333333333333333,0.0,0.3333333333333333,0.0,0.3333333333333333,0.0,2019-06-27
597,0.26666666666666666,0.06666666666666667,0.3333333333333333,0.0,0.3333333333333333,0.0,2019-06-28
598,0.2,0.13333333333333333,0.26666666666666666,0.06666666666666667,0.3333333333333333,0.0,2019-06-29
599,0.25,0.08333333333333333,0.3333333333333333,0.0,0.3333333333333333,0.0,2019-06-30
600,0.2777777777777778,0.05555555555555555,0.3333333333333333,0.0,0.3333333333333333,0.0,2019-07-01
601,0.21428571428571427,0.14285714285714285,0.2857142857142857,0.07142857142857142,0.2857142857142857,0.0,2019-07-02
602,0.2222222222222222,0.1111111111111111,0.3333333333333333,0.0,0.3333333333333333,0.0,2019-07-03
603,0.35714285714285715,0.0,0.2857142857142857,0.07142857142857142,0.2857142857142857,0.0,2019-07-04
604,0.3333333333333333,0.0,0.3333333333333333,0.0,0.3333333333333333,0.0,2019-07-05
605,0.25,0.08333333333333333,0.3333333333333333,0.0,0.3333333333333333,0.0,2019-07-06
606,0.26666666666666666,0.06666666666666667,0.2,0.13333333333333333,0.3333333333333333,0.0,2019-07-07
607,0.2857142857142857,0.07142857142857142,0.35714285714285715,0.0,0.2857142857142857,0.0,2019-07-08
608,0.3076923076923077,0.07692307692307693,0.3076923076923077,0.07692307692307693,0.23076923076923078,0.0,2019-07-09
609,0.4166666666666667,0.0,0.25,0.08333333333333333,0.25,0.0,2019-07-10
610,0.2,0.13333333333333333,0.3333333333333333,0.0,0.3333333333333333,0.0,2019-07-11
611,0.2777777777777778,0.05555555555555555,0.2777777777777778,0.05555555555555555,0.3333333333333333,0.0,2019-07-12
612,0.16666666666666666,0.16666666666666666,0.3333333333333333,0.0,0.3333333333333333,0.0,2019-07-13
613,0.3333333333333333,0.0,0.26666666666666666,0.06666666666666667,0.3333333333333333,0.0,2019-07-14
614,0.26666666666666666,0.06666666666666667,0.26666666666666666,0.06666666666666667,0.3333333333333333,0.0,2019-07-15
615,0.26666666666666666,0.06666666666666667,0.26666666666666666,0.06666666666666667,0.3333333333333333,0.0,2019-07-16
616,0.35294117647058826,0.0,0.29411764705882354,0.058823529411764705,0.29411764705882354,0.0,2019-07-17
617,0.35,0.0,0.3,0.05,0.3,0.0,2019-07-18
618,0.3,0.05,0.15,0.2,0.3,0.0,2019-07-19
619,0.2727272727272727,0.09090909090909091,0.36363636363636365,0.0,0.2727272727272727,0.0,2019-07-20
620,0.23809523809523808,0.09523809523809523,0.3333333333333333,0.0,0.3333333333333333,0.0,2019-07-21
621,0.3333333333333333,0.0,0.3333333333333333,0.0,0.3333333333333333,0.0,2019-07-22
622,0.26666666666666666,0.06666666666666667,0.26666666666666666,0.06666666666666667,0.3333333333333333,0.0,2019-07-23
623,0.2857142857142857,0.07142857142857142,0.2857142857142857,0.07142857142857142,0.21428571428571427,0.07142857142857142,2019-07-24
624,0.2222222222222222,0.1111111111111111,0.2777777777777778,0.05555555555555555,0.3333333333333333,0.0,2019-07-25
625,0.2777777777777778,0.05555555555555555,0.3333333333333333,0.0,0.3333333333333333,0.0,2019-07-26
626,0.3333333333333333,0.0,0.3333333333333333,0.0,0.3333333333333333,0.0,2019-07-27
627,0.21428571428571427,0.14285714285714285,0.35714285714285715,0.0,0.2857142857142857,0.0,2019-07-28
628,0.16666666666666666,0.16666666666666666,0.2222222222222222,0.1111111111111111,0.3333333333333333,0.0,2019-07-29
629,0.35,0.0,0.3,0.05,0.3,0.0,2019-07-30
630,0.2,0.13333333333333333,0.26666666666666666,0.06666666666666667,0.3333333333333333,0.0,2019-07-31
631,0.3333333333333333,0.0,0.3333333333333333,0.0,0.3333333333333333,0.0,2019-08-01
632,0.3333333333333333,0.0,0.2857142857142857,0.047619047619047616,0.3333333333333333,0.0,2019-08-02
633,0.3333333333333333,0.0,0.3333333333333333,0.0,0.3333333333333333,0.0,2019-08-03
634,0.26666666666666666,0.06666666666666667,0.3333333333333333,0.0,0.3333333333333333,0.0,2019-08-04
635,0.23809523809523808,0.09523809523809523,0.2857142857142857,0.047619047619047616,0.3333333333333333,0.0,2019-08-05
636,0.25,0.125,0.3125,0.0625,0.25,0.0,2019-08-06
637,0.25,0.1,0.3,0.05,0.3,0.0,2019-08-07
638,0.19047619047619047,0.14285714285714285,0.19047619047619047,0.14285714285714285,0.3333333333333333,0.0,2019-08-08
639,0.05555555555555555,0.2777777777777778,0.05555555555555555,0.2777777777777778,0.2777777777777778,0.05555555555555555,2019-08-09
640,0.13333333333333333,0.2,0.13333333333333333,0.2,0.26666666666666666,0.06666666666666667,2019-08-10
641,0.25,0.08333333333333333,0.25,0.08333333333333333,0.3333333333333333,0.0,2019-08-11
642,0.3,0.03333333333333333,0.3333333333333333,0.0,0.3333333333333333,0.0,2019-08-12
643,0.17647058823529413,0.17647058823529413,0.35294117647058826,0.0,0.29411764705882354,0.0,2019-08-13
644,0.25,0.16666666666666666,0.25,0.08333333333333333,0.25,0.0,2019-08-14
645,0.2,0.16,0.28,0.04,0.32,0.0,2019-08-15
646,0.2608695652173913,0.08695652173913043,0.30434782608695654,0.043478260869565216,0.30434782608695654,0.0,2019-08-16
647,0.2777777777777778,0.05555555555555555,0.2222222222222222,0.1111111111111111,0.3333333333333333,0.0,2019-08-17
648,0.26666666666666666,0.06666666666666667,0.3333333333333333,0.0,0.3333333333333333,0.0,2019-08-18
649,0.26666666666666666,0.06666666666666667,0.3333333333333333,0.0,0.3333333333333333,0.0,2019-08-19
650,0.2,0.13333333333333333,0.2,0.13333333333333333,0.3333333333333333,0.0,2019-08-20
651,0.14814814814814814,0.18518518518518517,0.2962962962962963,0.037037037037037035,0.3333333333333333,0.0,2019-08-21
652,0.2777777777777778,0.05555555555555555,0.2222222222222222,0.1111111111111111,0.3333333333333333,0.0,2019-08-22
653,0.23076923076923078,0.15384615384615385,0.3076923076923077,0.0,0.3076923076923077,0.0,2019-08-23
654,0.3333333333333333,0.0,0.3333333333333333,0.0,0.3333333333333333,0.0,2019-08-24
655,0.3333333333333333,0.0,0.3333333333333333,0.0,0.3333333333333333,0.0,2019-08-25
656,0.25,0.08333333333333333,0.3333333333333333,0.0,0.3333333333333333,0.0,2019-08-26
657,0.2857142857142857,0.07142857142857142,0.35714285714285715,0.0,0.2857142857142857,0.0,2019-08-27
658,0.2413793103448276,0.10344827586206896,0.3448275862068966,0.0,0.3103448275862069,0.0,2019-08-28
659,0.25,0.125,0.25,0.0625,0.3125,0.0,2019-08-29
660,0.2777777777777778,0.05555555555555555,0.3333333333333333,0.0,0.3333333333333333,0.0,2019-08-30
661,0.26666666666666666,0.06666666666666667,0.3333333333333333,0.0,0.3333333333333333,0.0,2019-08-31
662,0.3333333333333333,0.0,0.26666666666666666,0.06666666666666667,0.3333333333333333,0.0,2019-09-01
663,0.3333333333333333,0.0,0.3333333333333333,0.0,0.3333333333333333,0.0,2019-09-02
664,0.2857142857142857,0.047619047619047616,0.2857142857142857,0.047619047619047616,0.23809523809523808,0.09523809523809523,2019-09-03
665,0.2777777777777778,0.05555555555555555,0.2777777777777778,0.05555555555555555,0.3333333333333333,0.0,2019-09-04
666,0.35294117647058826,0.0,0.35294117647058826,0.0,0.29411764705882354,0.0,2019-09-05
667,0.25,0.1,0.35,0.0,0.3,0.0,2019-09-06
668,0.3333333333333333,0.0,0.3333333333333333,0.0,0.3333333333333333,0.0,2019-09-07
669,0.26666666666666666,0.06666666666666667,0.26666666666666666,0.06666666666666667,0.3333333333333333,0.0,2019-09-08
670,0.16666666666666666,0.16666666666666666,0.25,0.08333333333333333,0.3333333333333333,0.0,2019-09-09
671,0.23076923076923078,0.15384615384615385,0.23076923076923078,0.07692307692307693,0.3076923076923077,0.0,2019-09-10
672,0.3,0.05,0.3,0.05,0.3,0.0,2019-09-11
673,0.2857142857142857,0.047619047619047616,0.3333333333333333,0.0,0.3333333333333333,0.0,2019-09-12
674,0.2857142857142857,0.047619047619047616,0.23809523809523808,0.09523809523809523,0.3333333333333333,0.0,2019-09-13
675,0.25,0.08333333333333333,0.3333333333333333,0.0,0.3333333333333333,0.0,2019-09-14
676,0.2,0.13333333333333333,0.3333333333333333,0.0,0.3333333333333333,0.0,2019-09-15
677,0.34782608695652173,0.0,0.34782608695652173,0.0,0.30434782608695654,0.0,2019-09-16
678,0.3076923076923077,0.07692307692307693,0.3076923076923077,0.0,0.3076923076923077,0.0,2019-09-17
679,0.35714285714285715,0.0,0.35714285714285715,0.0,0.2857142857142857,0.0,2019-09-18
680,0.26666666666666666,0.06666666666666667,0.3333333333333333,0.0,0.3333333333333333,0.0,2019-09-19
681,0.2777777777777778,0.05555555555555555,0.3333333333333333,0.0,0.3333333333333333,0.0,2019-09-20
682,0.26666666666666666,0.06666666666666667,0.2,0.13333333333333333,0.3333333333333333,0.0,2019-09-21
683,0.26666666666666666,0.06666666666666667,0.26666666666666666,0.06666666666666667,0.3333333333333333,0.0,2019-09-22
684,0.2857142857142857,0.07142857142857142,0.2857142857142857,0.07142857142857142,0.2857142857142857,0.0,2019-09-23
685,0.2857142857142857,0.047619047619047616,0.3333333333333333,0.0,0.3333333333333333,0.0,2019-09-24
686,0.29411764705882354,0.058823529411764705,0.11764705882352941,0.23529411764705882,0.29411764705882354,0.0,2019-09-25
687,0.35714285714285715,0.0,0.07142857142857142,0.2857142857142857,0.2857142857142857,0.0,2019-09-26
688,0.26666666666666666,0.06666666666666667,0.2,0.13333333333333333,0.3333333333333333,0.0,2019-09-27
689,0.2,0.13333333333333333,0.3333333333333333,0.0,0.3333333333333333,0.0,2019-09-28
690,0.38461538461538464,0.0,0.3076923076923077,0.0,0.3076923076923077,0.0,2019-09-29
691,0.30303030303030304,0.030303030303030304,0.3333333333333333,0.0,0.3333333333333333,0.0,2019-09-30
692,0.3333333333333333,0.0,0.3333333333333333,0.0,0.3333333333333333,0.0,2019-10-01
693,0.3333333333333333,0.0,0.3333333333333333,0.0,0.2857142857142857,0.047619047619047616,2019-10-02
694,0.4166666666666667,0.0,0.3333333333333333,0.0,0.25,0.0,2019-10-03
695,0.3333333333333333,0.0,0.26666666666666666,0.06666666666666667,0.3333333333333333,0.0,2019-10-04
696,0.26666666666666666,0.06666666666666667,0.3333333333333333,0.0,0.3333333333333333,0.0,2019-10-05
697,0.35,0.0,0.3,0.05,0.3,0.0,2019-10-06
698,0.26666666666666666,0.06666666666666667,0.23333333333333334,0.1,0.3333333333333333,0.0,2019-10-07
699,0.19047619047619047,0.14285714285714285,0.3333333333333333,0.0,0.3333333333333333,0.0,2019-10-08
700,0.14285714285714285,0.19047619047619047,0.3333333333333333,0.0,0.3333333333333333,0.0,2019-10-09
701,0.16666666666666666,0.16666666666666666,0.2916666666666667,0.041666666666666664,0.3333333333333333,0.0,2019-10-10
702,0.3333333333333333,0.0,0.3333333333333333,0.0,0.3333333333333333,0.0,2019-10-11
703,0.2916666666666667,0.041666666666666664,0.2916666666666667,0.041666666666666664,0.3333333333333333,0.0,2019-10-12
704,0.3076923076923077,0.07692307692307693,0.3076923076923077,0.07692307692307693,0.23076923076923078,0.0,2019-10-13
705,0.23809523809523808,0.09523809523809523,0.2857142857142857,0.047619047619047616,0.3333333333333333,0.0,2019-10-14
706,0.2857142857142857,0.047619047619047616,0.23809523809523808,0.09523809523809523,0.3333333333333333,0.0,2019-10-15
707,0.2857142857142857,0.047619047619047616,0.3333333333333333,0.0,0.2857142857142857,0.047619047619047616,2019-10-16
708,0.36363636363636365,0.0,0.3181818181818182,0.045454545454545456,0.2727272727272727,0.0,2019-10-17
709,0.3333333333333333,0.0,0.23809523809523808,0.09523809523809523,0.3333333333333333,0.0,2019-10-18
710,0.2,0.13333333333333333,0.26666666666666666,0.06666666666666667,0.3333333333333333,0.0,2019-10-19
711,0.3333333333333333,0.0,0.3333333333333333,0.0,0.3333333333333333,0.0,2019-10-20
712,0.2222222222222222,0.1111111111111111,0.3333333333333333,0.0,0.3333333333333333,0.0,2019-10-21
713,0.13333333333333333,0.2,0.3333333333333333,0.0,0.3333333333333333,0.0,2019-10-22
714,0.23529411764705882,0.11764705882352941,0.23529411764705882,0.11764705882352941,0.29411764705882354,0.0,2019-10-23
715,0.3333333333333333,0.0,0.2222222222222222,0.1111111111111111,0.3333333333333333,0.0,2019-10-24
716,0.30434782608695654,0.043478260869565216,0.34782608695652173,0.0,0.30434782608695654,0.0,2019-10-25
717,0.3333333333333333,0.0,0.3333333333333333,0.0,0.3333333333333333,0.0,2019-10-26
718,0.29411764705882354,0.058823529411764705,0.35294117647058826,0.0,0.29411764705882354,0.0,2019-10-27
719,0.16666666666666666,0.16666666666666666,0.2222222222222222,0.1111111111111111,0.3333333333333333,0.0,2019-10-28
720,0.19047619047619047,0.14285714285714285,0.3333333333333333,0.0,0.3333333333333333,0.0,2019-10-29
721,0.2777777777777778,0.05555555555555555,0.2777777777777778,0.05555555555555555,0.3333333333333333,0.0,2019-10-30
722,0.3333333333333333,0.0,0.3333333333333333,0.0,0.3333333333333333,0.0,2019-10-31
723,0.13333333333333333,0.2,0.3111111111111111,0.022222222222222223,0.3333333333333333,0.0,2019-11-01
724,0.14814814814814814,0.18518518518518517,0.25925925925925924,0.07407407407407407,0.3333333333333333,0.0,2019-11-02
725,0.2222222222222222,0.1111111111111111,0.2777777777777778,0.05555555555555555,0.3333333333333333,0.0,2019-11-03
726,0.29411764705882354,0.058823529411764705,0.35294117647058826,0.0,0.29411764705882354,0.0,2019-11-04
727,0.35294117647058826,0.0,0.35294117647058826,0.0,0.29411764705882354,0.0,2019-11-05
728,0.2222222222222222,0.1111111111111111,0.3333333333333333,0.0,0.3333333333333333,0.0,2019-11-06
729,0.2857142857142857,0.047619047619047616,0.3333333333333333,0.0,0.3333333333333333,0.0,2019-11-07
730,0.38461538461538464,0.0,0.38461538461538464,0.0,0.23076923076923078,0.0,2019-11-08
731,0.13333333333333333,0.2,0.2,0.13333333333333333,0.3333333333333333,0.0,2019-11-09
732,0.16666666666666666,0.16666666666666666,0.2777777777777778,0.05555555555555555,0.3333333333333333,0.0,2019-11-10
733,0.2,0.15,0.25,0.1,0.3,0.0,2019-11-11
734,0.3157894736842105,0.05263157894736842,0.2631578947368421,0.05263157894736842,0.3157894736842105,0.0,2019-11-12
735,0.14285714285714285,0.23809523809523808,0.3333333333333333,0.0,0.2857142857142857,0.0,2019-11-13
736,0.3181818181818182,0.045454545454545456,0.22727272727272727,0.09090909090909091,0.3181818181818182,0.0,2019-11-14
737,0.1875,0.1875,0.1875,0.125,0.3125,0.0,2019-11-15
738,0.2222222222222222,0.1111111111111111,0.3333333333333333,0.0,0.3333333333333333,0.0,2019-11-16
739,0.26666666666666666,0.06666666666666667,0.26666666666666666,0.06666666666666667,0.3333333333333333,0.0,2019-11-17
740,0.23809523809523808,0.09523809523809523,0.2857142857142857,0.047619047619047616,0.3333333333333333,0.0,2019-11-18
741,0.26666666666666666,0.06666666666666667,0.26666666666666666,0.06666666666666667,0.3333333333333333,0.0,2019-11-19
742,0.26666666666666666,0.06666666666666667,0.3333333333333333,0.0,0.3333333333333333,0.0,2019-11-20
743,0.35714285714285715,0.0,0.21428571428571427,0.14285714285714285,0.2857142857142857,0.0,2019-11-21
744,0.29411764705882354,0.058823529411764705,0.29411764705882354,0.058823529411764705,0.29411764705882354,0.0,2019-11-22
745,0.3333333333333333,0.0,0.3333333333333333,0.0,0.3333333333333333,0.0,2019-11-23
746,0.25,0.08333333333333333,0.16666666666666666,0.16666666666666666,0.3333333333333333,0.0,2019-11-24
747,0.25,0.1,0.35,0.0,0.3,0.0,2019-11-25
748,0.29411764705882354,0.058823529411764705,0.35294117647058826,0.0,0.29411764705882354,0.0,2019-11-26
749,0.3333333333333333,0.0,0.3333333333333333,0.0,0.3333333333333333,0.0,2019-11-27
750,0.26666666666666666,0.06666666666666667,0.3333333333333333,0.0,0.3333333333333333,0.0,2019-11-28
751,0.3333333333333333,0.0,0.3333333333333333,0.0,0.3333333333333333,0.0,2019-11-29
752,0.2,0.13333333333333333,0.2,0.13333333333333333,0.3333333333333333,0.0,2019-11-30
753,0.3333333333333333,0.0,0.3333333333333333,0.0,0.3333333333333333,0.0,2019-12-02
754,0.3333333333333333,0.0,0.3333333333333333,0.0,0.3333333333333333,0.0,2019-12-01
755,0.3333333333333333,0.0,0.3333333333333333,0.0,0.3333333333333333,0.0,2019-12-03
756,0.2,0.13333333333333333,0.26666666666666666,0.06666666666666667,0.3333333333333333,0.0,2019-12-04
757,0.3333333333333333,0.0,0.3333333333333333,0.0,0.3333333333333333,0.0,2019-12-05
758,0.26666666666666666,0.06666666666666667,0.26666666666666666,0.06666666666666667,0.3333333333333333,0.0,2019-12-06
759,0.26666666666666666,0.06666666666666667,0.26666666666666666,0.06666666666666667,0.3333333333333333,0.0,2019-12-07
760,0.14285714285714285,0.21428571428571427,0.2857142857142857,0.07142857142857142,0.2857142857142857,0.0,2019-12-08
761,0.3333333333333333,0.0,0.3333333333333333,0.0,0.3333333333333333,0.0,2019-12-09
762,0.23529411764705882,0.11764705882352941,0.23529411764705882,0.11764705882352941,0.29411764705882354,0.0,2019-12-10
763,0.3333333333333333,0.0,0.3333333333333333,0.0,0.3333333333333333,0.0,2019-12-11
764,0.29411764705882354,0.058823529411764705,0.23529411764705882,0.11764705882352941,0.29411764705882354,0.0,2019-12-12
765,0.15384615384615385,0.23076923076923078,0.3076923076923077,0.07692307692307693,0.23076923076923078,0.0,2019-12-13
766,0.3333333333333333,0.0,0.3333333333333333,0.0,0.3333333333333333,0.0,2019-12-14
767,0.2,0.13333333333333333,0.3333333333333333,0.0,0.3333333333333333,0.0,2019-12-15
768,0.2,0.13333333333333333,0.3333333333333333,0.0,0.3333333333333333,0.0,2019-12-16
769,0.2222222222222222,0.1111111111111111,0.2222222222222222,0.1111111111111111,0.3333333333333333,0.0,2019-12-17
770,0.2777777777777778,0.05555555555555555,0.3333333333333333,0.0,0.3333333333333333,0.0,2019-12-18
771,0.3333333333333333,0.0,0.3333333333333333,0.0,0.3333333333333333,0.0,2019-12-19
772,0.35714285714285715,0.0,0.35714285714285715,0.0,0.2857142857142857,0.0,2019-12-20
773,0.3333333333333333,0.0,0.3333333333333333,0.0,0.3333333333333333,0.0,2019-12-21
774,0.16666666666666666,0.16666666666666666,0.3333333333333333,0.0,0.3333333333333333,0.0,2019-12-22
775,0.2608695652173913,0.08695652173913043,0.2608695652173913,0.08695652173913043,0.30434782608695654,0.0,2019-12-23
776,0.17647058823529413,0.17647058823529413,0.35294117647058826,0.0,0.29411764705882354,0.0,2019-12-24
777,0.3333333333333333,0.0,0.2,0.13333333333333333,0.26666666666666666,0.06666666666666667,2019-12-25
778,0.25,0.08333333333333333,0.3333333333333333,0.0,0.3333333333333333,0.0,2019-12-26
779,0.3333333333333333,0.0,0.2777777777777778,0.05555555555555555,0.3333333333333333,0.0,2019-12-27
780,0.21428571428571427,0.14285714285714285,0.14285714285714285,0.21428571428571427,0.2857142857142857,0.0,2019-12-28
781,0.13333333333333333,0.2,0.13333333333333333,0.2,0.3333333333333333,0.0,2019-12-29
782,0.2,0.13333333333333333,0.23333333333333334,0.1,0.3333333333333333,0.0,2019-12-30
783,0.23529411764705882,0.17647058823529413,0.29411764705882354,0.058823529411764705,0.23529411764705882,0.0,2019-12-31
784,0.2857142857142857,0.07142857142857142,0.35714285714285715,0.0,0.2857142857142857,0.0,2020-01-01
785,0.3,0.1,0.4,0.0,0.2,0.0,2020-01-02
786,0.2222222222222222,0.1111111111111111,0.2777777777777778,0.05555555555555555,0.3333333333333333,0.0,2020-01-03
787,0.2222222222222222,0.1111111111111111,0.3333333333333333,0.0,0.3333333333333333,0.0,2020-01-04
788,0.25,0.08333333333333333,0.3333333333333333,0.0,0.3333333333333333,0.0,2020-01-05
789,0.14285714285714285,0.19047619047619047,0.3333333333333333,0.0,0.3333333333333333,0.0,2020-01-06
790,0.25,0.1,0.25,0.05,0.35,0.0,2020-01-07
791,0.2777777777777778,0.05555555555555555,0.2777777777777778,0.05555555555555555,0.3333333333333333,0.0,2020-01-08
792,0.3076923076923077,0.07692307692307693,0.23076923076923078,0.07692307692307693,0.3076923076923077,0.0,2020-01-09
793,0.2608695652173913,0.08695652173913043,0.34782608695652173,0.0,0.30434782608695654,0.0,2020-01-10
794,0.25,0.125,0.25,0.125,0.25,0.0,2020-01-11
795,0.2857142857142857,0.07142857142857142,0.35714285714285715,0.0,0.2857142857142857,0.0,2020-01-12
796,0.2916666666666667,0.041666666666666664,0.2916666666666667,0.041666666666666664,0.3333333333333333,0.0,2020-01-13
797,0.2222222222222222,0.1111111111111111,0.2777777777777778,0.05555555555555555,0.3333333333333333,0.0,2020-01-14
798,0.35714285714285715,0.0,0.35714285714285715,0.0,0.2857142857142857,0.0,2020-01-15
799,0.16666666666666666,0.16666666666666666,0.2222222222222222,0.1111111111111111,0.3333333333333333,0.0,2020-01-16
800,0.2857142857142857,0.07142857142857142,0.35714285714285715,0.0,0.2857142857142857,0.0,2020-01-17
801,0.3333333333333333,0.0,0.3333333333333333,0.0,0.3333333333333333,0.0,2020-01-18
802,0.2857142857142857,0.07142857142857142,0.2857142857142857,0.07142857142857142,0.2857142857142857,0.0,2020-01-19
803,0.25,0.1,0.35,0.0,0.3,0.0,2020-01-20
804,0.3076923076923077,0.07692307692307693,0.38461538461538464,0.0,0.23076923076923078,0.0,2020-01-21
805,0.3333333333333333,0.0,0.3333333333333333,0.0,0.3333333333333333,0.0,2020-01-22
806,0.2,0.13333333333333333,0.2,0.13333333333333333,0.3333333333333333,0.0,2020-01-23
807,0.17647058823529413,0.17647058823529413,0.29411764705882354,0.0,0.35294117647058826,0.0,2020-01-24
808,0.26666666666666666,0.06666666666666667,0.3333333333333333,0.0,0.3333333333333333,0.0,2020-01-25
809,0.2,0.13333333333333333,0.26666666666666666,0.06666666666666667,0.3333333333333333,0.0,2020-01-26
810,0.17647058823529413,0.17647058823529413,0.35294117647058826,0.0,0.29411764705882354,0.0,2020-01-27
811,0.2777777777777778,0.05555555555555555,0.2777777777777778,0.05555555555555555,0.3333333333333333,0.0,2020-01-28
812,0.26666666666666666,0.06666666666666667,0.26666666666666666,0.06666666666666667,0.3333333333333333,0.0,2020-01-29
813,0.23529411764705882,0.11764705882352941,0.35294117647058826,0.0,0.29411764705882354,0.0,2020-01-30
814,0.2857142857142857,0.07142857142857142,0.2857142857142857,0.07142857142857142,0.2857142857142857,0.0,2020-01-31
815,0.16666666666666666,0.16666666666666666,0.25,0.08333333333333333,0.3333333333333333,0.0,2020-02-01
816,0.35714285714285715,0.0,0.35714285714285715,0.0,0.2857142857142857,0.0,2020-02-02
817,0.21428571428571427,0.14285714285714285,0.2857142857142857,0.07142857142857142,0.2857142857142857,0.0,2020-02-03
818,0.2857142857142857,0.047619047619047616,0.23809523809523808,0.09523809523809523,0.3333333333333333,0.0,2020-02-04
819,0.23809523809523808,0.09523809523809523,0.23809523809523808,0.09523809523809523,0.3333333333333333,0.0,2020-02-05
820,0.2222222222222222,0.1111111111111111,0.2222222222222222,0.1111111111111111,0.3333333333333333,0.0,2020-02-06
821,0.14285714285714285,0.19047619047619047,0.3333333333333333,0.0,0.3333333333333333,0.0,2020-02-07
822,0.35714285714285715,0.0,0.35714285714285715,0.0,0.2857142857142857,0.0,2020-02-08
823,0.35714285714285715,0.0,0.35714285714285715,0.0,0.2857142857142857,0.0,2020-02-09
824,0.35714285714285715,0.0,0.35714285714285715,0.0,0.2857142857142857,0.0,2020-02-10
825,0.2222222222222222,0.1111111111111111,0.3333333333333333,0.0,0.3333333333333333,0.0,2020-02-11
826,0.2222222222222222,0.1111111111111111,0.2222222222222222,0.1111111111111111,0.3333333333333333,0.0,2020-02-12
827,0.25,0.08333333333333333,0.3333333333333333,0.0,0.3333333333333333,0.0,2020-02-13
828,0.11764705882352941,0.23529411764705882,0.23529411764705882,0.058823529411764705,0.35294117647058826,0.0,2020-02-14
829,0.26666666666666666,0.06666666666666667,0.2,0.13333333333333333,0.3333333333333333,0.0,2020-02-15
830,0.25,0.08333333333333333,0.25,0.08333333333333333,0.3333333333333333,0.0,2020-02-16
831,0.15384615384615385,0.23076923076923078,0.3076923076923077,0.0,0.3076923076923077,0.0,2020-02-17
832,0.4166666666666667,0.0,0.3333333333333333,0.0,0.25,0.0,2020-02-18
833,0.2777777777777778,0.05555555555555555,0.2777777777777778,0.05555555555555555,0.3333333333333333,0.0,2020-02-19
834,0.3,0.05,0.2,0.1,0.35,0.0,2020-02-20
835,0.2608695652173913,0.08695652173913043,0.2608695652173913,0.043478260869565216,0.34782608695652173,0.0,2020-02-21
836,0.25,0.08333333333333333,0.3333333333333333,0.0,0.3333333333333333,0.0,2020-02-22
837,0.25,0.08333333333333333,0.25,0.08333333333333333,0.3333333333333333,0.0,2020-02-23
838,0.26666666666666666,0.06666666666666667,0.26666666666666666,0.06666666666666667,0.26666666666666666,0.06666666666666667,2020-02-24
839,0.2857142857142857,0.07142857142857142,0.2857142857142857,0.07142857142857142,0.2857142857142857,0.0,2020-02-25
840,0.2777777777777778,0.05555555555555555,0.2777777777777778,0.05555555555555555,0.3333333333333333,0.0,2020-02-26
841,0.05555555555555555,0.2777777777777778,0.2222222222222222,0.1111111111111111,0.3333333333333333,0.0,2020-02-27
842,0.2777777777777778,0.05555555555555555,0.3333333333333333,0.0,0.3333333333333333,0.0,2020-02-28
843,0.26666666666666666,0.06666666666666667,0.26666666666666666,0.06666666666666667,0.3333333333333333,0.0,2020-02-29
844,0.2,0.13333333333333333,0.26666666666666666,0.06666666666666667,0.3333333333333333,0.0,2020-03-01
845,0.3333333333333333,0.0,0.2962962962962963,0.037037037037037035,0.3333333333333333,0.0,2020-03-02
846,0.2,0.13333333333333333,0.2,0.13333333333333333,0.3333333333333333,0.0,2020-03-03
847,0.3333333333333333,0.0,0.3333333333333333,0.0,0.3333333333333333,0.0,2020-03-04
848,0.23529411764705882,0.11764705882352941,0.35294117647058826,0.0,0.29411764705882354,0.0,2020-03-05
849,0.35714285714285715,0.0,0.21428571428571427,0.14285714285714285,0.2857142857142857,0.0,2020-03-06
850,0.2,0.13333333333333333,0.26666666666666666,0.06666666666666667,0.3333333333333333,0.0,2020-03-07
851,0.3333333333333333,0.0,0.25,0.08333333333333333,0.25,0.08333333333333333,2020-03-08
852,0.2222222222222222,0.1111111111111111,0.3333333333333333,0.0,0.3333333333333333,0.0,2020-03-09
853,0.2777777777777778,0.05555555555555555,0.3333333333333333,0.0,0.3333333333333333,0.0,2020-03-10
854,0.3333333333333333,0.0,0.2,0.13333333333333333,0.3333333333333333,0.0,2020-03-11
855,0.25,0.08333333333333333,0.3333333333333333,0.0,0.3333333333333333,0.0,2020-03-12
856,0.26666666666666666,0.06666666666666667,0.2,0.13333333333333333,0.3333333333333333,0.0,2020-03-13
857,0.1111111111111111,0.2222222222222222,0.3333333333333333,0.0,0.3333333333333333,0.0,2020-03-14
858,0.16666666666666666,0.16666666666666666,0.16666666666666666,0.16666666666666666,0.3333333333333333,0.0,2020-03-15
859,0.26666666666666666,0.06666666666666667,0.26666666666666666,0.06666666666666667,0.3333333333333333,0.0,2020-03-16
860,0.25,0.1,0.2,0.1,0.35,0.0,2020-03-17
861,0.38461538461538464,0.0,0.38461538461538464,0.0,0.23076923076923078,0.0,2020-03-18
862,0.2,0.13333333333333333,0.26666666666666666,0.06666666666666667,0.3333333333333333,0.0,2020-03-19
863,0.23529411764705882,0.11764705882352941,0.29411764705882354,0.0,0.35294117647058826,0.0,2020-03-20
864,0.3333333333333333,0.0,0.3333333333333333,0.0,0.3333333333333333,0.0,2020-03-21
865,0.2857142857142857,0.07142857142857142,0.2857142857142857,0.0,0.35714285714285715,0.0,2020-03-22
866,0.2222222222222222,0.1111111111111111,0.3333333333333333,0.0,0.3333333333333333,0.0,2020-03-23
867,0.3333333333333333,0.08333333333333333,0.4166666666666667,0.0,0.16666666666666666,0.0,2020-03-24
868,0.25,0.08333333333333333,0.3333333333333333,0.0,0.3333333333333333,0.0,2020-03-25
869,0.3333333333333333,0.0,0.3333333333333333,0.0,0.3333333333333333,0.0,2020-03-26
870,0.29411764705882354,0.058823529411764705,0.35294117647058826,0.0,0.23529411764705882,0.058823529411764705,2020-03-27
871,0.38461538461538464,0.0,0.38461538461538464,0.0,0.23076923076923078,0.0,2020-03-28
872,0.26666666666666666,0.06666666666666667,0.3333333333333333,0.0,0.3333333333333333,0.0,2020-03-29
873,0.26666666666666666,0.06666666666666667,0.26666666666666666,0.06666666666666667,0.3333333333333333,0.0,2020-03-30
874,0.35,0.0,0.3,0.05,0.3,0.0,2020-03-31
875,0.2777777777777778,0.05555555555555555,0.2777777777777778,0.05555555555555555,0.3333333333333333,0.0,2020-04-01
876,0.3076923076923077,0.07692307692307693,0.3076923076923077,0.0,0.3076923076923077,0.0,2020-04-02
877,0.375,0.0,0.1875,0.125,0.3125,0.0,2020-04-03
878,0.3333333333333333,0.0,0.3333333333333333,0.0,0.3333333333333333,0.0,2020-04-04
879,0.3333333333333333,0.0,0.3333333333333333,0.0,0.3333333333333333,0.0,2020-04-05
880,0.25,0.10714285714285714,0.25,0.10714285714285714,0.25,0.03571428571428571,2020-04-06
881,0.1111111111111111,0.2222222222222222,0.2222222222222222,0.1111111111111111,0.3333333333333333,0.0,2020-04-07
882,0.23529411764705882,0.11764705882352941,0.29411764705882354,0.058823529411764705,0.29411764705882354,0.0,2020-04-08
883,0.2,0.13333333333333333,0.26666666666666666,0.06666666666666667,0.3333333333333333,0.0,2020-04-09
884,0.21428571428571427,0.14285714285714285,0.2857142857142857,0.07142857142857142,0.2857142857142857,0.0,2020-04-10
885,0.3333333333333333,0.0,0.3333333333333333,0.0,0.3333333333333333,0.0,2020-04-11
886,0.21428571428571427,0.14285714285714285,0.2857142857142857,0.07142857142857142,0.2857142857142857,0.0,2020-04-12
887,0.2222222222222222,0.1111111111111111,0.2777777777777778,0.05555555555555555,0.3333333333333333,0.0,2020-04-13
888,0.2777777777777778,0.05555555555555555,0.2777777777777778,0.05555555555555555,0.3333333333333333,0.0,2020-04-14
889,0.2777777777777778,0.05555555555555555,0.3333333333333333,0.0,0.3333333333333333,0.0,2020-04-15
890,0.29411764705882354,0.058823529411764705,0.35294117647058826,0.0,0.29411764705882354,0.0,2020-04-16
891,0.3333333333333333,0.0,0.25,0.08333333333333333,0.3333333333333333,0.0,2020-04-17
892,0.3333333333333333,0.0,0.3333333333333333,0.0,0.3333333333333333,0.0,2020-04-18
893,0.3333333333333333,0.0,0.3333333333333333,0.0,0.3333333333333333,0.0,2020-04-19
894,0.2857142857142857,0.047619047619047616,0.2857142857142857,0.047619047619047616,0.3333333333333333,0.0,2020-04-20
895,0.25,0.08333333333333333,0.3333333333333333,0.0,0.3333333333333333,0.0,2020-04-21
896,0.18518518518518517,0.14814814814814814,0.25925925925925924,0.07407407407407407,0.3333333333333333,0.0,2020-04-22
897,0.3333333333333333,0.0,0.25,0.08333333333333333,0.3333333333333333,0.0,2020-04-23
898,0.25,0.08333333333333333,0.3333333333333333,0.0,0.3333333333333333,0.0,2020-04-24
899,0.3333333333333333,0.0,0.3333333333333333,0.0,0.3333333333333333,0.0,2020-04-25
900,0.26666666666666666,0.06666666666666667,0.26666666666666666,0.06666666666666667,0.3333333333333333,0.0,2020-04-26
901,0.26666666666666666,0.06666666666666667,0.26666666666666666,0.06666666666666667,0.3333333333333333,0.0,2020-04-27
902,0.29411764705882354,0.058823529411764705,0.35294117647058826,0.0,0.29411764705882354,0.0,2020-04-28
903,0.14285714285714285,0.21428571428571427,0.35714285714285715,0.0,0.2857142857142857,0.0,2020-04-29
904,0.2777777777777778,0.05555555555555555,0.2222222222222222,0.1111111111111111,0.2777777777777778,0.05555555555555555,2020-04-30
