,date,title_pos,title_neg,desc_pos,desc_neg,content_pos,content_neg
0,2020-04-30,0.5335000000000001,0.0,0.5035000000000001,0.051500000000000004,0.50975,0.063
1,2020-04-30,0.5233749999999999,0.0,0.5211250000000001,0.0125,0.548375,0.023
2,2020-04-30,0.5764285714285714,0.0,0.5210714285714285,0.011714285714285714,0.5343571428571429,0.034999999999999996
3,2020-04-30,0.47775,0.14275000000000002,0.5073749999999999,0.0955,0.522375,0.041
4,2020-04-30,0.5334000000000001,0.047799999999999995,0.5233000000000001,0.031,0.4272,0.0108
5,2020-04-30,0.5625714285714285,0.0,0.5627857142857142,0.052714285714285714,0.5458571428571429,0.028285714285714286
6,2020-04-30,0.5744,0.0,0.5598000000000001,0.0504,0.5493,0.024200000000000003
7,2020-04-30,0.5709,0.0,0.5788,0.0,0.44559999999999994,0.020399999999999998
8,2020-04-30,0.5094000000000001,0.0974,0.5311999999999999,0.0638,0.5361,0.0346
9,2020-04-30,0.47925,0.07516666666666667,0.5269166666666667,0.07383333333333333,0.5279166666666667,0.04
10,2020-04-30,0.5414,0.047200000000000006,0.5496,0.0,0.42300000000000004,0.06539999999999999
11,2020-04-30,0.44889999999999997,0.1392,0.5203,0.034999999999999996,0.5246,0.0622
12,2020-04-30,0.5005833333333334,0.0845,0.5552916666666667,0.009666666666666665,0.4827083333333333,0.037666666666666675
13,2020-04-30,0.5397777777777778,0.021333333333333333,0.5366666666666666,0.02377777777777778,0.5401111111111111,0.020333333333333335
14,2020-04-30,0.49400000000000005,0.040999999999999995,0.5523571428571429,0.02557142857142857,0.5238571428571428,0.05485714285714286
15,2020-04-30,0.5570999999999999,0.0,0.5109999999999999,0.0454,0.5127,0.045200000000000004
16,2020-04-30,0.47541666666666665,0.07333333333333333,0.4633333333333332,0.12666666666666668,0.50775,0.061
17,2020-04-30,0.48566666666666664,0.08266666666666667,0.5171666666666667,0.021833333333333333,0.5301666666666667,0.04516666666666667
18,2020-04-30,0.5041249999999999,0.04650000000000001,0.546625,0.0,0.5327500000000001,0.024500000000000004
19,2020-04-30,0.5421250000000001,0.038125,0.5049375,0.023875,0.53125,0.028999999999999998
20,2020-04-30,0.4845,0.031000000000000003,0.518,0.028333333333333335,0.5530833333333334,0.011666666666666667
21,2020-04-30,0.51175,0.0735,0.5319999999999999,0.018833333333333334,0.5360833333333334,0.021500000000000002
22,2020-04-30,0.5649375,0.0,0.5198750000000001,0.013500000000000002,0.4008125,0.016625
23,2020-04-30,0.4584166666666667,0.13649999999999998,0.5109166666666666,0.05266666666666667,0.5205833333333333,0.04633333333333334
24,2020-04-30,0.5590833333333333,0.0,0.5269166666666667,0.016499999999999997,0.5206666666666667,0.035833333333333335
25,2020-04-30,0.5564,0.0,0.5701999999999999,0.0198,0.43810000000000004,0.0378
26,2020-04-30,0.59925,0.04850000000000001,0.5133333333333333,0.04733333333333334,0.5265833333333334,0.05399999999999999
27,2020-04-30,0.5093333333333333,0.03322222222222223,0.5212222222222223,0.08477777777777777,0.47438888888888886,0.017444444444444443
28,2020-04-30,0.5741666666666667,0.07716666666666666,0.5231666666666667,0.08750000000000001,0.5232499999999999,0.046000000000000006
29,2020-04-30,0.5579999999999999,0.018,0.5096428571428572,0.0707142857142857,0.4716428571428572,0.02614285714285714
30,2020-04-30,0.5258636363636363,0.01636363636363636,0.5000454545454546,0.025,0.4861363636363636,0.027636363636363646
31,2020-04-30,0.5477142857142857,0.022857142857142857,0.5437857142857142,0.0051428571428571435,0.4537142857142857,0.03371428571428571
32,2020-04-30,0.5578333333333333,0.0,0.55425,0.0,0.5215833333333334,0.05616666666666666
33,2020-04-30,0.5843888888888888,0.008777777777777778,0.525611111111111,0.03688888888888889,0.4589444444444444,0.048666666666666664
34,2020-04-30,0.5828125000000001,0.036625,0.5081875,0.05399999999999999,0.5284374999999999,0.032625
35,2020-04-30,0.5216666666666667,0.0468888888888889,0.5298333333333333,0.03477777777777778,0.5372777777777779,0.025000000000000005
36,2020-04-30,0.523,0.02288888888888889,0.5403888888888889,0.018444444444444444,0.41688888888888886,0.027777777777777776
37,2020-04-30,0.5336000000000001,0.0,0.5305,0.0078,0.5395000000000001,0.0102
38,2020-04-30,0.5663333333333335,0.0,0.5295000000000001,0.0,0.5338333333333333,0.045000000000000005
39,2020-04-30,0.521625,0.0,0.525875,0.01175,0.530625,0.018750000000000003
40,2020-04-30,0.5088,0.0382,0.5099,0.0,0.4343,0.017
41,2020-04-30,0.5621,0.0,0.5428000000000001,0.005599999999999999,0.4404,0.0204
42,2020-04-30,0.5010833333333333,0.03266666666666667,0.5163333333333334,0.05083333333333334,0.52525,0.06133333333333333
43,2020-04-30,0.5100833333333333,0.05466666666666666,0.5481666666666667,0.025166666666666667,0.5415833333333334,0.0345
44,2020-04-30,0.5198,0.0,0.5511999999999999,0.0,0.4384,0.008000000000000002
45,2020-04-30,0.5583,0.0,0.5740999999999999,0.022600000000000002,0.5454,0.018600000000000002
46,2020-04-30,0.5,0.0,0.529625,0.06125,0.5269999999999999,0.05425
47,2020-04-30,0.5085,0.101,0.5665,0.01975,0.53575,0.025750000000000002
48,2020-04-30,0.5042857142857143,0.09128571428571429,0.5255,0.06542857142857142,0.5416428571428571,0.055
49,2020-04-30,0.47350000000000003,0.06933333333333334,0.5374166666666667,0.05116666666666667,0.5312500000000001,0.05000000000000001
50,2020-04-30,0.5367777777777778,0.04577777777777778,0.5082222222222222,0.03888888888888889,0.4842777777777778,0.029999999999999995
51,2020-04-30,0.5675,0.0,0.5499166666666666,0.008833333333333334,0.5490833333333334,0.04033333333333333
52,2020-04-30,0.5149,0.0,0.5214000000000001,0.0068000000000000005,0.5309,0.0252
53,2020-04-30,0.49275,0.034833333333333334,0.54975,0.0,0.5405833333333333,0.030333333333333334
54,2020-04-30,0.4856666666666667,0.06583333333333334,0.47974999999999995,0.07,0.54125,0.04700000000000001
55,2020-04-30,0.4072,0.2364,0.47519999999999996,0.1016,0.5055999999999999,0.0526
56,2020-04-30,0.5112857142857142,0.029857142857142856,0.5196428571428572,0.0,0.5297857142857142,0.027571428571428577
57,2020-04-30,0.48894444444444457,0.11055555555555557,0.5123333333333333,0.03755555555555555,0.39238888888888884,0.04922222222222222
58,2020-04-30,0.4986,0.0504,0.5324,0.007400000000000001,0.4065,0.0408
59,2020-04-30,0.6525,0.0,0.4965,0.084,0.5253333333333333,0.058666666666666666
60,2020-04-30,0.5367500000000001,0.0,0.494875,0.03725,0.510875,0.046
61,2020-04-30,0.5071428571428571,0.06228571428571429,0.5240714285714285,0.031142857142857142,0.5355714285714286,0.03457142857142858
62,2020-04-30,0.5560833333333334,0.0,0.5455833333333334,0.02383333333333333,0.5589166666666666,0.041166666666666664
63,2020-04-30,0.5477500000000001,0.0545,0.4585000000000001,0.147,0.531,0.03616666666666667
64,2020-04-30,0.4899,0.0904,0.5668999999999998,0.019399999999999997,0.5425,0.0284
65,2020-04-30,0.45933333333333337,0.15,0.529,0.0325,0.5206666666666667,0.04633333333333334
66,2020-04-30,0.48825,0.12649999999999997,0.55125,0.016,0.5403333333333333,0.04066666666666666
67,2020-04-30,0.49416666666666664,0.06266666666666666,0.5378333333333334,0.0,0.5216666666666666,0.030000000000000002
68,2020-04-30,0.5202857142857142,0.06842857142857142,0.5385,0.036571428571428574,0.45528571428571424,0.021571428571428575
69,2020-04-30,0.5726666666666667,0.0,0.5394166666666668,0.02783333333333333,0.545,0.03200000000000001
70,2020-04-30,0.41533333333333333,0.16933333333333334,0.49033333333333334,0.042,0.516,0.05983333333333333
71,2020-04-30,0.5842499999999999,0.0,0.5048333333333334,0.057333333333333326,0.4418333333333333,0.027833333333333335
72,2020-04-30,0.5673999999999999,0.0,0.5378000000000001,0.0,0.4383,0.015000000000000003
73,2020-04-30,0.5442142857142857,0.04428571428571428,0.559142857142857,0.017285714285714286,0.47178571428571425,0.027999999999999997
74,2020-04-30,0.5145,0.0876,0.5484,0.013000000000000001,0.526,0.041800000000000004
75,2020-04-30,0.53425,0.047499999999999994,0.5704166666666667,0.050499999999999996,0.5379166666666666,0.04633333333333334
76,2020-04-30,0.5355833333333333,0.03466666666666667,0.5561666666666667,0.0,0.4445833333333334,0.02516666666666667
77,2020-04-30,0.5132,0.05820000000000001,0.5225,0.0,0.42610000000000003,0.031000000000000007
78,2020-04-30,0.5378999999999999,0.0298,0.5260999999999999,0.0,0.4332,0.034
79,2020-04-30,0.5222142857142857,0.0,0.5518571428571428,0.0,0.4667142857142857,0.02
80,2020-04-30,0.4833,0.0334,0.5519999999999999,0.0,0.5437000000000001,0.027000000000000003
81,2020-04-30,0.5660000000000001,0.0,0.529,0.018600000000000002,0.5210000000000001,0.0206
82,2020-04-30,0.5025833333333333,0.07016666666666667,0.5,0.0,0.5315833333333334,0.023666666666666666
83,2020-04-30,0.5217,0.0,0.4857,0.0514,0.4164,0.017400000000000002
84,2020-04-30,0.5087222222222222,0.026333333333333334,0.5519444444444443,0.012777777777777779,0.4817777777777778,0.029666666666666668
85,2020-04-30,0.48071428571428576,0.038571428571428576,0.5190714285714286,0.022571428571428572,0.4334285714285714,0.05071428571428572
86,2020-04-30,0.5070833333333334,0.06275,0.529875,0.03566666666666667,0.5135833333333334,0.08966666666666667
87,2020-04-30,0.48860000000000003,0.0374,0.5451,0.0332,0.4236,0.041999999999999996
88,2020-04-30,0.45489999999999997,0.09019999999999999,0.5359999999999999,0.0202,0.40049999999999997,0.0782
89,2020-04-30,0.5313571428571429,0.0,0.5212857142857142,0.023142857142857142,0.5304285714285714,0.02557142857142857
90,2020-04-30,0.47128571428571425,0.08071428571428571,0.5823571428571429,0.015714285714285715,0.45835714285714285,0.030571428571428576
91,2020-04-30,0.5414166666666667,0.024833333333333332,0.5924166666666667,0.0,0.5275833333333334,0.03233333333333333
92,2020-04-30,0.5317999999999999,0.0,0.5408000000000001,0.011,0.5404,0.0236
93,2020-04-30,0.5786428571428572,0.02414285714285714,0.5692142857142857,0.031142857142857146,0.45642857142857135,0.03771428571428571
94,2020-04-30,0.5248333333333334,0.0825,0.5223333333333333,0.03416666666666667,0.5405833333333333,0.04016666666666666
95,2020-04-30,0.5039,0.08680000000000002,0.49749999999999994,0.056400000000000006,0.5215,0.041800000000000004
96,2020-04-30,0.5223571428571429,0.018142857142857145,0.5167142857142857,0.038714285714285715,0.45828571428571424,0.042285714285714295
97,2020-04-30,0.5206999999999999,0.08199999999999999,0.5046999999999999,0.05500000000000001,0.5314,0.041800000000000004
98,2020-04-30,0.5123,0.028600000000000004,0.5426,0.027600000000000003,0.525,0.017599999999999998
99,2020-04-30,0.5307142857142857,0.038,0.5469999999999999,0.006714285714285714,0.45935714285714285,0.02842857142857143
100,2020-04-30,0.47800000000000004,0.09283333333333332,0.5210833333333333,0.09883333333333333,0.5221666666666667,0.061666666666666675
101,2020-04-30,0.46412499999999995,0.1185,0.49312500000000004,0.1015,0.521625,0.0675
102,2020-04-30,0.47909999999999997,0.10200000000000001,0.5568000000000001,0.0364,0.5446,0.029000000000000005
103,2020-04-30,0.5489166666666666,0.04083333333333333,0.5649166666666666,0.021333333333333333,0.5485833333333333,0.035
104,2020-04-30,0.5064,0.10800000000000001,0.527,0.0364,0.5356,0.03
105,2020-04-30,0.5442,0.0518,0.5506,0.0218,0.5525,0.016599999999999997
106,2020-04-30,0.5223,0.055600000000000004,0.5334,0.0676,0.5383,0.033600000000000005
107,2020-04-30,0.519625,0.06775,0.525,0.036250000000000004,0.530875,0.03475
108,2020-04-30,0.5,0.0,0.53,0.051000000000000004,0.5351250000000001,0.03925
109,2020-04-30,0.5,0.0,0.555625,0.03275,0.543125,0.028
110,2020-04-30,0.6006666666666667,0.0,0.57375,0.0,0.5670833333333333,0.0095
111,2020-04-30,0.4669375,0.089,0.5419375,0.0,0.5202500000000001,0.035375000000000004
112,2020-04-30,0.5139285714285714,0.0,0.5085000000000001,0.016142857142857143,0.5392142857142858,0.014571428571428572
113,2020-04-30,0.5639375,0.0,0.5326875,0.015,0.5443125,0.021374999999999998
114,2020-04-30,0.5199,0.0446,0.5539999999999999,0.0,0.5412000000000001,0.019200000000000002
115,2020-04-30,0.46340000000000003,0.174,0.4683999999999999,0.13740000000000002,0.5085,0.07339999999999999
116,2020-04-30,0.4993,0.065,0.5338,0.048799999999999996,0.5368999999999999,0.0262
117,2020-04-30,0.6363749999999999,0.0,0.5715,0.019125000000000003,0.536875,0.036750000000000005
118,2020-04-30,0.5455,0.0158,0.587,0.012199999999999999,0.42590000000000006,0.03560000000000001
119,2020-04-30,0.5932999999999999,0.026600000000000002,0.5519999999999999,0.013000000000000001,0.4384,0.0162
120,2020-04-30,0.5471999999999999,0.0,0.49160000000000004,0.0946,0.5437,0.028599999999999997
121,2020-04-30,0.47425,0.051500000000000004,0.539625,0.0085,0.533625,0.05725
122,2020-04-30,0.5561666666666667,0.0,0.5333333333333333,0.015333333333333332,0.4529166666666667,0.03233333333333333
123,2020-04-30,0.5361,0.0598,0.5178,0.0632,0.5581,0.027600000000000003
124,2020-04-30,0.4506,0.0988,0.5532,0.0,0.5367999999999999,0.024200000000000003
125,2020-04-30,0.5476875,0.0295625,0.4998437499999999,0.054375,0.5250625,0.028687499999999998
126,2020-04-30,0.5378125,0.027125,0.540375,0.052625,0.5464374999999999,0.03425
127,2020-04-30,0.49414285714285716,0.06357142857142857,0.4927142857142857,0.07799999999999999,0.5092857142857143,0.053285714285714283
128,2020-04-30,0.498,0.047499999999999994,0.5604166666666667,0.05516666666666667,0.5379166666666667,0.045500000000000006
129,2020-04-30,0.47462499999999996,0.11875000000000001,0.5523750000000001,0.0535,0.532,0.0235
130,2020-04-30,0.45760000000000006,0.12399999999999997,0.5487,0.0,0.5457,0.014400000000000001
131,2020-04-30,0.502,0.06371428571428571,0.5245,0.019714285714285715,0.4532857142857143,0.04057142857142857
132,2020-04-30,0.4848333333333334,0.07183333333333335,0.5653333333333334,0.052166666666666674,0.45008333333333334,0.03566666666666666
133,2020-04-30,0.6199,0.047,0.5654,0.0358,0.4521,0.0194
134,2020-04-30,0.5562857142857143,0.032428571428571425,0.5403571428571429,0.056571428571428564,0.4772857142857143,0.021142857142857147
135,2020-04-30,0.559125,0.051125000000000004,0.4573125,0.0375,0.5320625,0.025750000000000002
136,2020-04-30,0.5,0.0,0.520625,0.03125,0.520125,0.051750000000000004
137,2020-04-30,0.5132142857142857,0.06028571428571429,0.5350714285714286,0.0,0.532,0.03685714285714286
138,2020-04-30,0.4867692307692308,0.101,0.5316923076923078,0.008,0.5330384615384616,0.030615384615384617
139,2020-04-30,0.4909,0.1382,0.5857,0.0,0.5351,0.05700000000000001
140,2020-04-30,0.5368999999999999,0.0,0.516,0.029600000000000005,0.5322,0.0316
141,2020-04-30,0.4626666666666666,0.07466666666666666,0.5261666666666667,0.0195,0.5505,0.013333333333333334
142,2020-04-30,0.5387857142857143,0.0,0.5650714285714286,0.015714285714285715,0.530142857142857,0.04757142857142858
143,2020-04-30,0.5803333333333334,0.0,0.5443333333333333,0.015666666666666666,0.5181666666666667,0.051166666666666666
144,2020-04-30,0.5239,0.0512,0.5595000000000001,0.0526,0.5218999999999999,0.0608
145,2020-04-30,0.508375,0.07100000000000001,0.499375,0.033625,0.5386875,0.026875000000000003
146,2020-04-30,0.4769285714285714,0.07914285714285714,0.5067142857142857,0.03742857142857143,0.5508571428571429,0.026857142857142857
147,2020-04-30,0.5695,0.0,0.5121818181818182,0.027818181818181822,0.48518181818181816,0.027909090909090915
148,2020-04-30,0.4529444444444445,0.12211111111111111,0.5265,0.029,0.4688333333333333,0.024000000000000004
149,2020-04-30,0.4577857142857143,0.09357142857142857,0.5137142857142857,0.031714285714285716,0.5270714285714286,0.038571428571428576
150,2020-04-30,0.524,0.0,0.5478,0.0078,0.5181,0.0328
151,2020-04-30,0.5271,0.0,0.5324,0.0334,0.5446,0.0366
152,2020-04-30,0.5246666666666666,0.04516666666666667,0.5404166666666667,0.007333333333333334,0.5435,0.02766666666666667
153,2020-04-30,0.46440000000000003,0.11059999999999999,0.5488999999999999,0.0116,0.5241,0.04560000000000001
154,2020-04-30,0.5278,0.0,0.5256000000000001,0.0,0.5436000000000001,0.007600000000000001
155,2020-04-30,0.5197,0.0706,0.47779999999999995,0.1224,0.41950000000000004,0.0374
156,2020-04-30,0.4875,0.0706,0.5165,0.040799999999999996,0.5281,0.046400000000000004
157,2020-04-30,0.5,0.0,0.489125,0.10725000000000001,0.5297499999999999,0.04125000000000001
158,2020-04-30,0.5398333333333333,0.042,0.5261666666666667,0.04,0.5284166666666666,0.03166666666666667
159,2020-04-30,0.5345,0.063625,0.5121249999999999,0.019625000000000004,0.5313125000000001,0.025750000000000002
160,2020-04-30,0.504875,0.10200000000000001,0.547875,0.039,0.408125,0.0235
161,2020-04-30,0.5654999999999999,0.017571428571428575,0.5082142857142856,0.058428571428571434,0.46,0.02214285714285714
162,2020-04-30,0.537,0.041999999999999996,0.5535,0.028285714285714286,0.5457857142857143,0.018285714285714287
163,2020-04-30,0.5048999999999999,0.0748,0.4882999999999999,0.07100000000000001,0.3115,0.0254
164,2020-04-30,0.48529999999999995,0.0294,0.5173,0.0256,0.5336000000000001,0.037200000000000004
165,2020-04-30,0.5609999999999999,0.0,0.5862999999999999,0.014599999999999998,0.5494999999999999,0.026600000000000002
166,2020-04-30,0.5168999999999999,0.0518,0.529,0.0137,0.53205,0.029700000000000004
167,2020-04-30,0.5210714285714285,0.08171428571428571,0.5399999999999999,0.045142857142857144,0.5335714285714286,0.03371428571428572
168,2020-04-30,0.5301875,0.0,0.5153749999999999,0.042625,0.548875,0.026000000000000002
169,2020-04-30,0.5222142857142857,0.07328571428571429,0.5371428571428571,0.06571428571428571,0.53,0.044428571428571435
170,2020-04-30,0.44939999999999997,0.1272,0.5291,0.028600000000000004,0.5323,0.0368
171,2020-04-30,0.5451,0.0,0.5147,0.072,0.5292,0.024399999999999998
172,2020-04-30,0.43092857142857144,0.15285714285714286,0.4245,0.04157142857142858,0.5113571428571428,0.05399999999999999
173,2020-04-30,0.5271428571428571,0.0,0.5207142857142857,0.03128571428571429,0.5206428571428571,0.04028571428571429
174,2020-04-30,0.3955,0.22249999999999998,0.459875,0.119,0.5073125,0.080375
175,2020-04-30,0.5339166666666667,0.0,0.5426666666666666,0.016,0.5390833333333334,0.024666666666666667
176,2020-04-30,0.4957,0.0432,0.5274,0.029599999999999998,0.32819999999999994,0.01
177,2020-04-30,0.5277499999999999,0.039,0.5439166666666666,0.010666666666666666,0.44566666666666666,0.029666666666666664
178,2020-04-30,0.4929,0.045,0.5463,0.023600000000000003,0.5210999999999999,0.021400000000000002
179,2020-04-30,0.5344166666666667,0.0195,0.5589999999999999,0.0,0.5083333333333333,0.10183333333333333
180,2020-04-30,0.5012857142857142,0.033857142857142856,0.5144285714285715,0.013,0.5262142857142857,0.02342857142857143
181,2020-04-30,0.5074615384615385,0.01723076923076923,0.5365,0.010846153846153847,0.5366923076923077,0.021384615384615384
182,2020-04-30,0.47450000000000003,0.1334,0.5479999999999999,0.0646,0.5385,0.055600000000000004
183,2020-04-30,0.517875,0.032875,0.5625,0.0075,0.47175,0.03425
184,2020-04-30,0.5224166666666666,0.0,0.5360833333333334,0.034,0.4475833333333334,0.02233333333333333
185,2020-04-30,0.49060000000000004,0.040999999999999995,0.5828,0.0,0.5288999999999999,0.0316
186,2020-04-30,0.5279,0.0,0.5088999999999999,0.07919999999999999,0.5291,0.05
187,2020-04-30,0.5711666666666666,0.0,0.5643333333333334,0.02,0.5485833333333333,0.03283333333333333
188,2020-04-30,0.4521428571428571,0.11528571428571428,0.4974285714285714,0.09057142857142857,0.5506428571428571,0.019571428571428573
189,2020-04-30,0.5775,0.0,0.5337500000000001,0.0335,0.45933333333333337,0.029333333333333336
190,2020-04-30,0.5535,0.026166666666666668,0.5340833333333334,0.012166666666666666,0.5294166666666666,0.03316666666666667
191,2020-04-30,0.44400000000000006,0.19860000000000003,0.5065,0.044399999999999995,0.5422,0.047799999999999995
192,2020-04-30,0.497,0.0884,0.4857,0.063,0.409,0.043800000000000006
193,2020-04-30,0.5095000000000001,0.0525,0.572125,0.026000000000000002,0.5395,0.034249999999999996
194,2020-04-30,0.5021,0.0696,0.5816000000000001,0.0,0.5377000000000001,0.032
195,2020-04-30,0.5173,0.0,0.5410999999999999,0.049,0.5498,0.011600000000000001
196,2020-04-30,0.4957,0.0504,0.5025000000000001,0.0598,0.5297000000000001,0.0334
197,2020-04-30,0.48500000000000004,0.03,0.5165833333333333,0.013333333333333334,0.51825,0.049833333333333334
198,2020-04-30,0.46349999999999997,0.10171428571428572,0.5277142857142857,0.007,0.5354285714285715,0.02242857142857143
199,2020-04-30,0.5439499999999999,0.08830000000000002,0.5372499999999999,0.04,0.49835,0.030699999999999998
200,2020-04-30,0.539125,0.0,0.49975,0.075,0.40937500000000004,0.02225
201,2020-04-30,0.49033333333333334,0.01933333333333333,0.5301666666666667,0.043500000000000004,0.43724999999999997,0.0335
202,2020-04-30,0.5366666666666666,0.01916666666666667,0.5307499999999999,0.026166666666666668,0.5378333333333334,0.02666666666666666
203,2020-04-30,0.5546666666666668,0.0,0.5465833333333333,0.03766666666666667,0.5375833333333334,0.03366666666666667
204,2020-04-30,0.516375,0.0,0.5346875,0.041499999999999995,0.47350000000000003,0.026750000000000003
205,2020-04-30,0.5350833333333332,0.0,0.5175,0.026833333333333334,0.5457500000000001,0.021166666666666667
206,2020-04-30,0.5395833333333333,0.021666666666666667,0.5394166666666667,0.008,0.34833333333333333,0.036
207,2020-04-30,0.602375,0.0,0.573625,0.0,0.560375,0.029249999999999998
208,2020-04-30,0.5870833333333333,0.0185,0.55625,0.010166666666666666,0.3714166666666667,0.010333333333333333
209,2020-04-30,0.5447857142857143,0.03157142857142857,0.5237857142857142,0.018571428571428572,0.4543571428571428,0.038142857142857145
210,2020-04-30,0.4848333333333333,0.030333333333333334,0.526,0.0,0.5150833333333334,0.055166666666666676
211,2020-04-30,0.5337142857142857,0.04,0.5484285714285714,0.011,0.44721428571428573,0.033
212,2020-04-30,0.4529285714285714,0.16685714285714287,0.4866428571428571,0.09871428571428571,0.44749999999999995,0.04471428571428571
213,2020-04-30,0.46087500000000003,0.11024999999999999,0.525125,0.057499999999999996,0.535125,0.0235
214,2020-04-30,0.5054166666666666,0.08700000000000001,0.5265,0.054500000000000014,0.5237499999999999,0.054666666666666676
215,2020-04-30,0.5,0.0,0.5503,0.0,0.537,0.018400000000000003
216,2020-04-30,0.4897142857142857,0.057571428571428565,0.5432142857142856,0.020857142857142855,0.533,0.03742857142857143
217,2020-04-30,0.4694,0.1662,0.5212999999999999,0.036199999999999996,0.32189999999999996,0.0152
218,2020-04-30,0.49971428571428567,0.07942857142857143,0.5967857142857144,0.015285714285714286,0.5442857142857143,0.024571428571428574
219,2020-04-30,0.544,0.02422222222222222,0.5228333333333333,0.022444444444444447,0.541611111111111,0.028555555555555556
220,2020-04-30,0.5186,0.0,0.5393,0.010199999999999999,0.4367,0.0128
221,2020-04-30,0.6404,0.0,0.5557,0.0,0.5656000000000001,0.028600000000000004
222,2020-04-30,0.49457142857142855,0.06942857142857144,0.5443571428571429,0.016285714285714285,0.5329285714285714,0.02585714285714286
223,2020-04-30,0.5487500000000001,0.0,0.513,0.031,0.5373749999999999,0.033
224,2020-04-30,0.5,0.0,0.5358333333333333,0.03716666666666667,0.5206666666666666,0.042333333333333334
225,2020-04-30,0.50825,0.0255,0.532875,0.025750000000000002,0.5328125,0.023375000000000003
226,2020-04-30,0.5065833333333334,0.042333333333333334,0.53725,0.03933333333333334,0.4398333333333333,0.03
227,2020-04-30,0.5269166666666666,0.07566666666666667,0.5148333333333334,0.021333333333333333,0.4464166666666667,0.02416666666666667
228,2020-04-30,0.5,0.0,0.6241666666666666,0.0,0.5603333333333333,0.013000000000000003
229,2020-04-30,0.5245,0.0,0.5181250000000001,0.0,0.5345625,0.018375
230,2020-04-30,0.5179,0.040600000000000004,0.4737,0.0982,0.5156,0.045200000000000004
231,2020-04-30,0.437125,0.234875,0.48856250000000007,0.0855,0.504,0.06537500000000002
232,2020-04-30,0.5125,0.0644,0.5958,0.008400000000000001,0.42069999999999996,0.03560000000000001
233,2020-04-30,0.5016666666666666,0.09516666666666666,0.5439999999999999,0.032,0.5456666666666666,0.032
234,2020-04-30,0.3564,0.08719999999999999,0.48199999999999993,0.09319999999999999,0.3096,0.023399999999999997
235,2020-04-30,0.56775,0.0,0.5166666666666666,0.022000000000000002,0.5345833333333333,0.04016666666666666
236,2020-04-30,0.515357142857143,0.05985714285714285,0.507,0.012714285714285714,0.45535714285714285,0.028571428571428574
237,2020-04-30,0.52525,0.0405,0.550375,0.0,0.5364374999999999,0.017750000000000002
238,2020-04-30,0.5014000000000001,0.0612,0.5117,0.07780000000000001,0.5165,0.0496
239,2020-04-30,0.5263333333333333,0.03283333333333333,0.5501666666666666,0.0,0.3665,0.013666666666666667
240,2020-04-30,0.5152,0.0,0.49939999999999996,0.040600000000000004,0.5481,0.0324
241,2020-04-30,0.469125,0.06175,0.5115,0.04575,0.5335,0.030000000000000002
242,2020-04-30,0.5159374999999999,0.027125,0.463625,0.008125,0.403875,0.030125
243,2020-04-30,0.5,0.0,0.5490555555555555,0.003777777777777778,0.5355555555555556,0.022555555555555558
244,2020-04-30,0.5418333333333334,0.016166666666666666,0.52125,0.021833333333333333,0.5461666666666667,0.02683333333333333
245,2020-04-30,0.5231,0.0,0.5428,0.0,0.5257000000000001,0.0252
246,2020-04-30,0.5341666666666667,0.0,0.5615,0.0285,0.46016666666666667,0.0165
247,2020-04-30,0.49058333333333337,0.113,0.5512499999999999,0.03283333333333333,0.5184166666666666,0.050833333333333335
248,2020-04-30,0.503,0.0626,0.5299,0.0222,0.5525,0.04240000000000001
249,2020-04-30,0.4888333333333333,0.05416666666666667,0.5338333333333333,0.025666666666666667,0.5283333333333333,0.03783333333333334
250,2020-04-30,0.5011428571428571,0.0802857142857143,0.4987857142857143,0.046857142857142854,0.5273571428571427,0.04328571428571428
251,2020-04-30,0.47380000000000005,0.142,0.5433,0.035,0.5307999999999999,0.046
252,2020-04-30,0.5296666666666666,0.0,0.529,0.049499999999999995,0.5229166666666667,0.058166666666666665
253,2020-04-30,0.5323888888888889,0.03788888888888889,0.5505,0.014,0.5351111111111111,0.025222222222222226
254,2020-04-30,0.4715833333333334,0.10016666666666667,0.4809166666666667,0.06266666666666666,0.5286666666666667,0.05100000000000001
255,2020-04-30,0.5351,0.0,0.5172,0.0,0.40659999999999996,0.0088
256,2020-04-30,0.5006999999999999,0.07880000000000001,0.4833,0.046599999999999996,0.5214999999999999,0.0304
257,2020-04-30,0.5,0.0,0.5252,0.0064,0.3221,0.0036000000000000003
258,2020-04-30,0.5044375,0.040875,0.5361250000000001,0.02575,0.46362499999999995,0.038125
259,2020-04-30,0.48020000000000007,0.0716,0.5117,0.0498,0.41819999999999996,0.0436
260,2020-04-30,0.5226,0.0446,0.5433999999999999,0.0068000000000000005,0.42200000000000004,0.0182
261,2020-04-30,0.5687,0.0306,0.5073000000000001,0.07880000000000001,0.5439,0.035
262,2020-04-30,0.5189,0.0,0.5211,0.0366,0.44610000000000005,0.014800000000000002
263,2020-04-30,0.5,0.0,0.554875,0.0305,0.549,0.021750000000000002
264,2020-04-30,0.5,0.0,0.5051666666666667,0.0295,0.44225000000000003,0.03666666666666667
265,2020-04-30,0.5006666666666667,0.0545,0.5284166666666666,0.012333333333333335,0.36241666666666666,0.017166666666666667
266,2020-04-30,0.5231666666666667,0.042,0.5277777777777778,0.02477777777777778,0.46549999999999997,0.02822222222222222
267,2020-04-30,0.5324,0.041800000000000004,0.5361,0.029400000000000003,0.5309,0.04259999999999999
268,2020-04-30,0.51775,0.04783333333333333,0.5036666666666666,0.04,0.34341666666666665,0.030333333333333334
269,2020-04-30,0.50025,0.029700000000000004,0.4845499999999999,0.036699999999999997,0.49370000000000014,0.06780000000000001
270,2020-04-30,0.4721,0.055799999999999995,0.4766,0.0468,0.5253,0.044000000000000004
271,2020-04-30,0.4471000000000001,0.1496,0.54025,0.038400000000000004,0.5261000000000001,0.04920000000000001
272,2020-04-30,0.5529285714285714,0.0,0.5152142857142856,0.049428571428571426,0.5273571428571429,0.037714285714285714
273,2020-04-30,0.501375,0.056624999999999995,0.5295,0.034375,0.5524374999999999,0.02325
274,2020-04-30,0.4897142857142857,0.10085714285714285,0.4967142857142858,0.04042857142857143,0.5248571428571429,0.039714285714285716
275,2020-04-30,0.4811666666666667,0.0695,0.5407500000000001,0.016833333333333332,0.5296666666666667,0.0325
276,2020-04-30,0.52225,0.0,0.5050833333333333,0.028166666666666663,0.5298333333333333,0.02833333333333334
277,2020-04-30,0.5310833333333334,0.0,0.55425,0.0385,0.5365000000000001,0.026833333333333334
278,2020-04-30,0.4584,0.11240000000000001,0.5126999999999999,0.05639999999999999,0.5249,0.0546
279,2020-04-30,0.4788333333333334,0.054833333333333324,0.3764166666666667,0.09483333333333333,0.4379166666666667,0.04983333333333334
280,2020-04-30,0.47800000000000004,0.16114285714285712,0.5419285714285715,0.069,0.4427857142857143,0.05557142857142857
281,2020-04-30,0.489875,0.10725,0.5005000000000001,0.11574999999999999,0.51375,0.09075000000000001
282,2020-04-30,0.4994166666666667,0.0385,0.4871666666666667,0.13266666666666668,0.5238333333333333,0.04250000000000001
283,2020-04-30,0.49974999999999997,0.055,0.49924999999999997,0.03666666666666666,0.36100000000000004,0.03133333333333334
284,2020-04-30,0.5169,0.046200000000000005,0.5350999999999999,0.0648,0.5332000000000001,0.0386
285,2020-04-30,0.521,0.030142857142857145,0.5194285714285715,0.05542857142857143,0.4587142857142857,0.030000000000000002
286,2020-04-30,0.495,0.080125,0.48887500000000006,0.06025,0.38812500000000005,0.040625
287,2020-04-30,0.4761875,0.09525,0.55325,0.008,0.5241875,0.04287500000000001
288,2020-04-30,0.5526428571428571,0.0,0.539,0.036571428571428574,0.4622857142857143,0.021714285714285717
289,2020-04-30,0.48511111111111105,0.05866666666666667,0.5127777777777778,0.05766666666666667,0.5132777777777778,0.057
290,2020-04-30,0.5006666666666667,0.103,0.5259166666666667,0.03833333333333334,0.52725,0.06616666666666667
291,2020-04-30,0.5496666666666666,0.0,0.5303333333333333,0.014333333333333332,0.5278333333333333,0.031
292,2020-04-30,0.4514,0.09720000000000001,0.4051,0.0718,0.5158,0.0754
293,2020-04-30,0.5098,0.0,0.5518,0.0,0.1133,0.0
294,2020-04-30,0.46916666666666673,0.13866666666666663,0.4311666666666667,0.04866666666666667,0.5263333333333333,0.055500000000000015
295,2020-04-30,0.50425,0.041166666666666664,0.5385833333333333,0.033,0.5413333333333333,0.03466666666666667
296,2020-04-30,0.5065,0.0708,0.42279999999999995,0.0628,0.5104,0.0724
297,2020-04-30,0.543,0.060666666666666674,0.5175,0.050499999999999996,0.5234166666666668,0.03616666666666666
298,2020-04-30,0.42700000000000005,0.20860000000000004,0.4803,0.088,0.508,0.06720000000000001
299,2020-04-30,0.45392857142857146,0.15257142857142855,0.4626428571428572,0.11742857142857144,0.4969285714285715,0.07999999999999999
300,2020-04-30,0.5150714285714286,0.0,0.5254285714285715,0.011571428571428571,0.5177142857142858,0.024857142857142855
301,2020-04-30,0.382,0.2606,0.3511,0.11579999999999999,0.49470000000000003,0.09720000000000002
302,2020-04-30,0.5059285714285714,0.05814285714285715,0.4997857142857143,0.038,0.44035714285714284,0.04871428571428572
303,2020-04-30,0.5005,0.10085714285714287,0.4444285714285714,0.05814285714285715,0.45521428571428574,0.04585714285714286
304,2020-04-30,0.5231,0.0,0.5469999999999999,0.0172,0.5363999999999999,0.0508
305,2020-04-30,0.539875,0.01825,0.52225,0.0,0.532875,0.012750000000000001
306,2020-04-30,0.512625,0.022625000000000003,0.51525,0.04675,0.5226875,0.044
307,2020-04-30,0.47170000000000006,0.056600000000000004,0.5089,0.018,0.5143,0.05960000000000001
308,2020-04-30,0.4750833333333333,0.07733333333333332,0.5224166666666666,0.04583333333333334,0.517,0.048499999999999995
309,2020-04-30,0.5663571428571429,0.02157142857142857,0.49485714285714283,0.049428571428571426,0.45849999999999996,0.028
310,2020-04-30,0.6091666666666666,0.0,0.5526666666666666,0.030333333333333334,0.32841666666666663,0.058499999999999996
311,2020-04-30,0.5419,0.0242,0.5353,0.048,0.5199,0.0496
312,2020-04-30,0.4561,0.0878,0.4162,0.06720000000000001,0.5401999999999999,0.05620000000000001
313,2020-04-30,0.5053571428571428,0.09585714285714286,0.5120714285714286,0.026857142857142857,0.5314285714285715,0.026285714285714284
314,2020-04-30,0.5625,0.028999999999999998,0.52525,0.01925,0.5311874999999999,0.024375
315,2020-04-30,0.4770714285714286,0.09171428571428572,0.5349999999999999,0.025428571428571432,0.3782857142857143,0.022428571428571433
316,2020-04-30,0.492,0.137,0.47887499999999994,0.1155,0.40049999999999997,0.03225
317,2020-04-30,0.48843749999999997,0.0915,0.53825,0.011875,0.539875,0.039624999999999994
318,2020-04-30,0.49875,0.13974999999999999,0.5081249999999999,0.08474999999999999,0.52175,0.06075
319,2020-04-30,0.5031,0.10939999999999998,0.5548,0.0242,0.5607,0.0428
320,2020-04-30,0.507625,0.085625,0.5171874999999999,0.07075000000000001,0.5470625,0.046125000000000006
321,2020-04-30,0.5075,0.06485714285714286,0.4393571428571429,0.013142857142857142,0.5232857142857142,0.05357142857142859
322,2020-04-30,0.4920833333333334,0.08383333333333333,0.5286666666666667,0.060500000000000005,0.5279166666666667,0.04533333333333334
323,2020-04-30,0.55275,0.04033333333333333,0.4680833333333334,0.10100000000000002,0.5274166666666666,0.04449999999999999
324,2020-04-30,0.48314285714285715,0.09085714285714286,0.5339285714285714,0.039714285714285716,0.4568571428571429,0.037142857142857144
325,2020-04-30,0.5651999999999999,0.0,0.5522,0.010400000000000001,0.5292,0.0536
326,2020-04-30,0.5074,0.062,0.5326000000000001,0.017800000000000003,0.5395,0.01
327,2020-04-30,0.5391999999999999,0.11879999999999999,0.5551999999999999,0.045,0.32,0.026199999999999994
328,2020-04-30,0.5502,0.0294,0.5645,0.0256,0.42169999999999996,0.0372
329,2020-04-30,0.5,0.0,0.539625,0.01175,0.533875,0.029250000000000005
330,2020-04-30,0.5513571428571429,0.061,0.5456428571428571,0.015285714285714286,0.5477857142857143,0.03614285714285714
331,2020-04-30,0.5457000000000001,0.023600000000000003,0.4849,0.0824,0.42169999999999996,0.047400000000000005
332,2020-04-30,0.50725,0.069,0.5752499999999999,0.041,0.4455833333333333,0.02366666666666667
333,2020-04-30,0.5306,0.0,0.5195000000000001,0.0,0.42590000000000006,0.017599999999999998
334,2020-04-30,0.519,0.0,0.4939166666666666,0.04616666666666666,0.26816666666666666,0.016499999999999997
335,2020-04-30,0.53125,0.0,0.484125,0.07525,0.514625,0.05
336,2020-04-30,0.4310833333333333,0.13783333333333334,0.52925,0.028333333333333335,0.4350833333333333,0.05033333333333334
337,2020-04-30,0.4492857142857143,0.1827142857142857,0.4050000000000001,0.11142857142857143,0.3654285714285714,0.04
338,2020-04-30,0.503375,0.025750000000000002,0.476125,0.076,0.492375,0.07475000000000001
339,2020-04-30,0.5791999999999999,0.0,0.5681,0.0366,0.5528000000000001,0.0386
340,2020-04-30,0.49939999999999996,0.0792,0.4906,0.09,0.5348999999999999,0.034800000000000005
341,2020-04-30,0.5101666666666667,0.0,0.5400833333333334,0.041,0.44916666666666666,0.02316666666666667
342,2020-04-30,0.5088333333333334,0.09183333333333334,0.5293333333333333,0.04950000000000001,0.5160833333333333,0.05733333333333335
343,2020-04-30,0.5538333333333333,0.033,0.496,0.02466666666666667,0.5338333333333334,0.03916666666666666
344,2020-04-30,0.5725,0.0,0.5622,0.0,0.42969999999999997,0.0198
345,2020-04-30,0.52775,0.0,0.60325,0.019166666666666665,0.44633333333333325,0.023000000000000003
346,2020-04-30,0.49374999999999997,0.03183333333333333,0.5174166666666667,0.021,0.5289166666666666,0.023500000000000004
347,2020-04-30,0.5433000000000001,0.09380000000000001,0.5128,0.010400000000000001,0.5224,0.0534
348,2020-04-30,0.5423333333333333,0.0,0.5494166666666667,0.03716666666666666,0.53825,0.02666666666666667
349,2020-04-30,0.43970000000000004,0.1206,0.5131,0.022399999999999996,0.5353,0.04700000000000001
350,2020-04-30,0.5191,0.11359999999999999,0.4138,0.1778,0.42069999999999996,0.0398
351,2020-04-30,0.5005000000000001,0.04371428571428571,0.5129285714285714,0.030000000000000002,0.5330714285714285,0.036
352,2020-04-30,0.5205833333333333,0.0,0.5090833333333333,0.02716666666666667,0.54025,0.026
353,2020-04-30,0.5158333333333333,0.045000000000000005,0.5370833333333332,0.05050000000000001,0.5388333333333334,0.03283333333333333
354,2020-04-30,0.55625,0.0,0.57225,0.010166666666666666,0.46008333333333334,0.029333333333333336
355,2020-04-30,0.5758571428571428,0.0,0.532,0.022,0.4722857142857143,0.015571428571428573
356,2020-04-30,0.4851666666666667,0.11316666666666668,0.5230833333333333,0.013,0.5215000000000001,0.037
357,2020-04-30,0.48491666666666666,0.1205,0.4969166666666667,0.07133333333333335,0.519,0.027833333333333335
358,2020-04-30,0.41324999999999995,0.20083333333333334,0.4761666666666666,0.10366666666666667,0.5235,0.05133333333333334
359,2020-04-30,0.5434166666666668,0.02733333333333333,0.52075,0.037000000000000005,0.35325,0.02666666666666667
360,2020-04-30,0.5696000000000001,0.0484,0.5416000000000001,0.0524,0.5263,0.046
361,2020-04-30,0.4614,0.0942,0.5172,0.042600000000000006,0.5343,0.046200000000000005
362,2020-04-30,0.5025714285714286,0.031999999999999994,0.5245000000000001,0.04271428571428572,0.5330714285714285,0.026
363,2020-04-30,0.5017499999999999,0.056499999999999995,0.5655,0.01983333333333333,0.5418333333333333,0.031999999999999994
364,2020-04-30,0.5285833333333333,0.06083333333333333,0.5516666666666666,0.0,0.4406666666666667,0.023500000000000004
365,2020-04-30,0.47737500000000005,0.130125,0.447125,0.067375,0.468125,0.025875000000000002
366,2020-04-30,0.48343749999999996,0.033125,0.5071875,0.03375,0.533625,0.036
367,2020-04-30,0.4547857142857143,0.09042857142857143,0.5100714285714286,0.05757142857142857,0.5349999999999999,0.045
368,2020-04-30,0.5091,0.0,0.5251,0.07239999999999999,0.5306,0.038400000000000004
369,2020-04-30,0.5461666666666667,0.032,0.49433333333333335,0.05666666666666667,0.1655,0.028666666666666663
370,2020-04-30,0.493,0.0426,0.5267999999999999,0.0,0.43010000000000004,0.0268
371,2020-04-30,0.4766,0.1016,0.5181,0.0314,0.5205,0.032
372,2020-04-30,0.525,0.08155555555555555,0.3495,0.02611111111111111,0.5467777777777778,0.02366666666666667
373,2020-04-30,0.5302142857142857,0.09671428571428571,0.4358571428571428,0.05971428571428572,0.5418571428571429,0.03428571428571429
374,2020-04-30,0.5884,0.0,0.5412,0.095,0.536,0.0256
375,2020-04-30,0.6435,0.0735,0.53425,0.02275,0.5415,0.025500000000000002
376,2020-04-30,0.5411428571428571,0.05614285714285715,0.5288571428571428,0.048285714285714286,0.5580714285714287,0.03828571428571429
377,2020-04-30,0.48825,0.023499999999999997,0.5768333333333332,0.0,0.35941666666666666,0.018166666666666668
378,2020-04-30,0.5091428571428571,0.05014285714285714,0.44985714285714284,0.02457142857142857,0.4439285714285714,0.061285714285714284
379,2020-04-30,0.4935714285714286,0.026285714285714284,0.5288571428571428,0.043000000000000003,0.5255714285714285,0.026857142857142857
380,2020-04-30,0.5377000000000001,0.017,0.42210000000000003,0.0252,0.3283,0.0204
381,2020-04-30,0.5157999999999999,0.046200000000000005,0.507,0.097,0.4324,0.029599999999999998
382,2020-04-30,0.48019999999999996,0.0836,0.4566,0.17740000000000003,0.5227999999999999,0.0546
383,2020-04-30,0.5016,0.05720000000000001,0.5037,0.017800000000000003,0.4191,0.0468
384,2020-04-30,0.5194166666666666,0.03883333333333333,0.5104166666666666,0.012166666666666668,0.4464166666666667,0.025000000000000005
385,2020-04-30,0.5,0.0,0.5480833333333334,0.0,0.533,0.02716666666666667
386,2020-04-30,0.5038333333333332,0.0355,0.5155833333333334,0.026333333333333337,0.5235833333333334,0.04466666666666667
387,2020-04-30,0.5481,0.1072,0.5029,0.009600000000000001,0.5374000000000001,0.055600000000000004
388,2020-04-30,0.5156666666666667,0.04766666666666667,0.5688333333333334,0.03133333333333333,0.5463333333333334,0.018166666666666668
389,2020-04-30,0.5184,0.0,0.53,0.0,0.5317,0.032
390,2020-04-30,0.5149375,0.07175,0.5291875,0.058750000000000004,0.45962500000000006,0.053875
391,2020-04-30,0.47941666666666666,0.041166666666666664,0.5325000000000001,0.007666666666666666,0.5214166666666668,0.02783333333333333
392,2020-04-30,0.5178,0.0,0.4981999999999999,0.0576,0.5353999999999999,0.0322
393,2020-04-30,0.4519,0.0962,0.5216999999999999,0.0378,0.517,0.037000000000000005
394,2020-04-30,0.44966666666666666,0.10066666666666667,0.3354166666666667,0.07216666666666667,0.5381666666666668,0.04133333333333333
395,2020-04-30,0.495375,0.03925,0.49087499999999995,0.058499999999999996,0.5393749999999999,0.0305
396,2020-04-30,0.3861,0.25739999999999996,0.5167,0.0398,0.5161,0.058800000000000005
397,2020-04-30,0.5189166666666666,0.01916666666666667,0.5430833333333333,0.012833333333333334,0.5393333333333333,0.030333333333333334
398,2020-04-30,0.5245000000000001,0.05616666666666666,0.48241666666666666,0.07533333333333332,0.511,0.05583333333333334
399,2020-04-30,0.51325,0.0,0.5388333333333333,0.0095,0.5360833333333334,0.023500000000000004
400,2020-04-30,0.518,0.03085714285714286,0.46357142857142863,0.04371428571428572,0.5469999999999999,0.024285714285714282
401,2020-04-30,0.5561,0.0,0.5018,0.032,0.5303,0.022200000000000004
402,2020-04-30,0.5020833333333333,0.057333333333333326,0.49950000000000006,0.08683333333333333,0.5146666666666667,0.06333333333333334
403,2020-04-30,0.51875,0.068,0.5057499999999999,0.028,0.518,0.038250000000000006
404,2020-04-30,0.4955714285714286,0.06885714285714285,0.526,0.029714285714285714,0.5292857142857142,0.038571428571428576
405,2020-04-30,0.5444999999999999,0.036666666666666674,0.5148333333333334,0.047999999999999994,0.5260833333333332,0.0325
406,2020-04-30,0.5224,0.0,0.5518,0.0,0.5194,0.047
407,2020-04-30,0.451,0.09799999999999999,0.44578571428571434,0.13814285714285715,0.4509285714285714,0.029714285714285714
408,2020-04-30,0.5142222222222224,0.05366666666666667,0.4746666666666667,0.043111111111111114,0.4678888888888889,0.039555555555555566
409,2020-04-30,0.5696,0.0,0.5337,0.01,0.5347999999999999,0.0318
410,2020-04-30,0.4739,0.18560000000000001,0.5025999999999999,0.11359999999999999,0.5363,0.05500000000000001
411,2020-04-30,0.5416666666666666,0.025166666666666667,0.5238333333333333,0.036833333333333336,0.5324166666666666,0.024833333333333336
412,2020-04-30,0.5645,0.0,0.5715,0.01,0.5495,0.0084
413,2020-04-30,0.4993,0.042,0.5491,0.0304,0.21600000000000003,0.0038
414,2020-04-30,0.5476666666666666,0.0,0.5174166666666666,0.0635,0.5265833333333333,0.042333333333333334
415,2020-04-30,0.5291,0.075,0.5326,0.0656,0.5355000000000001,0.054000000000000006
416,2020-04-30,0.5566000000000001,0.0,0.5559999999999999,0.0116,0.5173,0.0514
417,2020-04-30,0.5406,0.09519999999999999,0.521,0.056600000000000004,0.5124000000000001,0.0692
418,2020-04-30,0.56025,0.031,0.5394375,0.04275,0.53625,0.048
419,2020-04-30,0.5826,0.06439999999999999,0.5024,0.09140000000000001,0.5369999999999999,0.0466
420,2020-04-30,0.5333,0.0,0.5593999999999999,0.007200000000000001,0.5431000000000001,0.034199999999999994
421,2020-04-30,0.5212777777777778,0.08366666666666667,0.5175555555555555,0.06588888888888889,0.5353333333333333,0.03311111111111112
422,2020-04-30,0.5705625000000001,0.0,0.497375,0.0835,0.531125,0.031625
423,2020-04-30,0.5211250000000001,0.029249999999999998,0.5545,0.023250000000000003,0.39475000000000005,0.02275
424,2020-04-30,0.4968,0.11920000000000001,0.5128999999999999,0.0702,0.5275999999999998,0.0606
425,2020-04-30,0.5238333333333333,0.0,0.5320833333333334,0.04033333333333333,0.5379166666666667,0.030833333333333334
426,2020-04-30,0.5253,0.0,0.5647,0.013600000000000001,0.5371,0.0382
427,2020-04-30,0.4979,0.0442,0.4058,0.034600000000000006,0.42799999999999994,0.028600000000000004
428,2020-04-30,0.49935,0.0849,0.52435,0.023700000000000002,0.5298499999999999,0.0261
429,2020-04-30,0.48764285714285716,0.076,0.4975714285714285,0.054285714285714284,0.5211428571428571,0.051
430,2020-04-30,0.518,0.0385,0.5323333333333333,0.04066666666666667,0.53225,0.042166666666666665
431,2020-04-30,0.457375,0.1405,0.532625,0.063,0.39625,0.06225000000000001
432,2020-04-30,0.5259166666666667,0.0,0.5316666666666666,0.03383333333333333,0.5224166666666666,0.042166666666666665
433,2020-04-30,0.5391666666666667,0.0205,0.4143333333333333,0.012000000000000002,0.44675,0.023500000000000004
434,2020-04-30,0.5233000000000001,0.0,0.5526000000000001,0.0388,0.414,0.0218
435,2020-04-30,0.549,0.0,0.4377,0.036,0.41419999999999996,0.054400000000000004
436,2020-04-30,0.4791,0.0418,0.5453,0.0,0.5366,0.029800000000000004
437,2020-04-30,0.568125,0.0,0.519,0.02075,0.5323749999999999,0.0295
438,2020-04-30,0.4708,0.058399999999999994,0.5332,0.03200000000000001,0.5273,0.0426
439,2020-04-30,0.47100000000000003,0.137,0.5529285714285714,0.026857142857142857,0.46349999999999997,0.03342857142857143
440,2020-04-30,0.5087999999999999,0.09019999999999999,0.4963,0.0682,0.5289999999999999,0.029400000000000003
441,2020-04-30,0.46412500000000007,0.15,0.4819375,0.069375,0.5064375,0.054625
442,2020-04-30,0.593,0.0332,0.5562,0.014199999999999999,0.5365,0.0368
443,2020-04-30,0.54875,0.0,0.4723333333333333,0.010833333333333334,0.44275,0.03383333333333333
444,2020-04-30,0.49825,0.051166666666666666,0.50775,0.043000000000000003,0.5095,0.04783333333333334
445,2020-04-30,0.5062,0.0,0.4382,0.0,0.3268,0.0216
446,2020-04-30,0.49093749999999997,0.07225000000000001,0.4619375,0.013999999999999999,0.3878125,0.036375
447,2020-04-30,0.5560833333333334,0.0,0.57025,0.0075,0.5493333333333332,0.043166666666666666
448,2020-04-30,0.5155,0.06075,0.4715625,0.035124999999999997,0.46674999999999994,0.03625
449,2020-04-30,0.5525,0.0,0.5162857142857142,0.04585714285714285,0.5456428571428572,0.025714285714285714
450,2020-04-30,0.5082142857142857,0.0,0.4468571428571429,0.032285714285714286,0.2965,0.021571428571428575
451,2020-04-30,0.517,0.0424,0.5355000000000001,0.0254,0.5302,0.0364
452,2020-04-30,0.544375,0.0,0.490375,0.050749999999999997,0.5467500000000001,0.03375
453,2020-04-30,0.577125,0.0,0.596,0.0,0.12987500000000002,0.006500000000000001
454,2020-04-30,0.5368999999999999,0.0,0.506,0.0,0.4191,0.029199999999999997
455,2020-04-30,0.45879999999999993,0.1224,0.5619,0.0206,0.4171,0.039400000000000004
456,2020-04-30,0.4668571428571429,0.13914285714285715,0.5314285714285714,0.04642857142857143,0.4470714285714285,0.06585714285714285
457,2020-04-30,0.52425,0.0,0.5404166666666667,0.044000000000000004,0.5325000000000001,0.04066666666666666
458,2020-04-30,0.4746,0.0508,0.5776,0.017800000000000003,0.5269999999999999,0.0504
459,2020-04-30,0.4593,0.11739999999999999,0.5038,0.064,0.5166000000000001,0.044
460,2020-04-30,0.49849999999999994,0.13540000000000002,0.491,0.0792,0.4056,0.056400000000000006
461,2020-04-30,0.45933333333333337,0.12383333333333331,0.4090833333333333,0.049499999999999995,0.3495,0.024999999999999998
462,2020-04-30,0.5519000000000001,0.0,0.4215,0.0116,0.43689999999999996,0.018
463,2020-04-30,0.5338333333333333,0.03733333333333333,0.5153333333333333,0.041833333333333333,0.5232499999999999,0.037
464,2020-04-30,0.5059166666666667,0.03266666666666667,0.5005833333333333,0.037000000000000005,0.5335,0.028166666666666663
465,2020-04-30,0.5195,0.03983333333333333,0.5759166666666666,0.035,0.5224166666666666,0.042
466,2020-04-30,0.5388999999999999,0.020800000000000003,0.5164,0.040600000000000004,0.5415,0.0188
467,2020-04-30,0.4986111111111111,0.04711111111111111,0.5131111111111111,0.042555555555555555,0.45655555555555555,0.05299999999999999
468,2020-04-30,0.5172777777777777,0.025666666666666667,0.5234444444444444,0.014666666666666668,0.4742777777777778,0.026777777777777775
469,2020-04-30,0.5318076923076923,0.01846153846153846,0.5476153846153846,0.016307692307692308,0.5366153846153845,0.037538461538461534
470,2020-04-30,0.5331874999999999,0.016375,0.523,0.0335,0.526625,0.038375000000000006
471,2020-04-30,0.5367,0.022399999999999996,0.5512,0.0112,0.43010000000000004,0.0258
472,2020-04-30,0.40099999999999997,0.198,0.49540000000000006,0.0658,0.5300999999999999,0.0496
473,2020-04-30,0.48942857142857144,0.086,0.5637142857142857,0.011142857142857144,0.4673571428571429,0.026571428571428572
474,2020-04-30,0.5,0.0,0.529625,0.0,0.524375,0.009000000000000001
475,2020-04-30,0.558125,0.0285,0.5428750000000001,0.03175,0.538625,0.025875000000000002
476,2020-04-30,0.6052,0.0,0.5401,0.0086,0.5507,0.0098
477,2020-04-30,0.5166999999999999,0.0,0.5124,0.0,0.30979999999999996,0.0058000000000000005
478,2020-04-30,0.54225,0.0,0.5397500000000001,0.0,0.43708333333333327,0.03833333333333333
479,2020-04-30,0.5149166666666667,0.043333333333333335,0.5283333333333333,0.044000000000000004,0.5195833333333334,0.0335
480,2020-04-30,0.48810000000000003,0.0238,0.5176999999999999,0.0116,0.5412,0.0176
481,2020-04-30,0.4981,0.0348,0.5726,0.0,0.3175,0.015200000000000002
482,2020-04-30,0.60175,0.0,0.522,0.0,0.53425,0.0225
483,2020-04-30,0.48469999999999996,0.0306,0.5286,0.026000000000000002,0.5458999999999999,0.027800000000000002
484,2020-04-30,0.5658124999999999,0.024249999999999997,0.5461875,0.007125,0.5373125000000001,0.023125000000000003
485,2020-04-30,0.4834375000000001,0.093875,0.5198750000000001,0.035875000000000004,0.5286875,0.038375000000000006
486,2020-04-30,0.5862,0.0,0.5453,0.0212,0.5544,0.027200000000000002
487,2020-04-30,0.5223333333333333,0.01,0.5351666666666667,0.0275,0.5355833333333333,0.014333333333333332
488,2020-04-30,0.5624166666666667,0.046000000000000006,0.5645,0.02266666666666667,0.45941666666666664,0.016
489,2020-04-30,0.505,0.05722222222222222,0.48944444444444446,0.05655555555555557,0.4171666666666666,0.021222222222222222
490,2020-04-30,0.5062,0.0874,0.5271,0.016800000000000002,0.5309,0.035
491,2020-04-30,0.5433000000000001,0.08420000000000001,0.5267999999999999,0.05499999999999999,0.5389999999999999,0.0422
492,2020-04-30,0.50665,0.0485,0.51425,0.0315,0.5332,0.028099999999999997
493,2020-04-30,0.43725,0.1255,0.523375,0.056749999999999995,0.5171250000000001,0.04925
494,2020-04-30,0.4328,0.1344,0.4997999999999999,0.0946,0.5067999999999999,0.0772
495,2020-04-30,0.5317999999999999,0.0,0.521,0.0156,0.5477,0.019200000000000002
496,2020-04-30,0.5394166666666667,0.0,0.5515,0.02033333333333333,0.5121666666666665,0.03233333333333333
497,2020-04-30,0.5450833333333334,0.049166666666666664,0.4555833333333334,0.17800000000000002,0.4469999999999999,0.05449999999999999
498,2020-04-30,0.5347142857142857,0.08342857142857144,0.5011428571428571,0.05971428571428571,0.45321428571428574,0.026571428571428572
499,2020-04-30,0.5428,0.0354,0.5076,0.0364,0.5549000000000001,0.016399999999999998
500,2020-04-30,0.49800000000000005,0.046200000000000005,0.5802999999999999,0.0442,0.5340999999999999,0.049999999999999996
501,2020-04-30,0.5263333333333333,0.10133333333333333,0.5026666666666667,0.09033333333333333,0.3383333333333334,0.043000000000000003
502,2020-04-30,0.5131428571428571,0.06485714285714286,0.5453571428571429,0.013571428571428571,0.4645714285714285,0.03071428571428572
503,2020-04-30,0.5517000000000001,0.0,0.49860000000000004,0.0518,0.5307,0.027800000000000002
504,2020-04-30,0.5653571428571428,0.044,0.5222857142857144,0.025857142857142856,0.45899999999999996,0.03485714285714286
505,2020-04-30,0.431125,0.13774999999999998,0.512,0.0085,0.528625,0.03425
506,2020-04-30,0.5201666666666667,0.03766666666666667,0.5336666666666666,0.015166666666666667,0.52825,0.034333333333333334
507,2020-04-30,0.5526,0.032600000000000004,0.4861,0.0612,0.5348,0.041400000000000006
508,2020-04-30,0.44733333333333336,0.16466666666666666,0.49866666666666676,0.08133333333333333,0.5229166666666666,0.041666666666666664
509,2020-04-30,0.4395,0.164,0.4994166666666666,0.09533333333333333,0.42641666666666667,0.06466666666666668
510,2020-04-30,0.5279,0.027600000000000003,0.5126000000000001,0.024,0.5187999999999999,0.039
511,2020-04-30,0.5157,0.0,0.5427,0.022399999999999996,0.5468999999999999,0.024399999999999998
512,2020-04-30,0.4885,0.074,0.4532,0.1192,0.31279999999999997,0.0356
513,2020-04-30,0.48650000000000004,0.0654,0.4816000000000001,0.11900000000000002,0.5469999999999999,0.037000000000000005
514,2020-04-30,0.506625,0.06825,0.49,0.06974999999999999,0.52625,0.03275
515,2020-04-30,0.598,0.079,0.5156666666666667,0.03233333333333333,0.5413333333333333,0.03
516,2020-04-30,0.56175,0.0,0.5309375,0.006500000000000001,0.47150000000000003,0.011625
517,2020-04-30,0.45241666666666663,0.11199999999999999,0.5131666666666667,0.011166666666666667,0.44225000000000003,0.02816666666666667
518,2020-04-30,0.49016666666666664,0.08750000000000001,0.5385,0.023000000000000003,0.35708333333333336,0.03416666666666667
519,2020-04-30,0.5442692307692307,0.012076923076923077,0.5014615384615385,0.09476923076923077,0.5008461538461538,0.08307692307692306
520,2020-04-30,0.4906428571428572,0.055714285714285716,0.5169285714285715,0.04142857142857143,0.5108571428571429,0.058428571428571434
521,2020-04-30,0.47864285714285704,0.15,0.5045714285714286,0.041857142857142864,0.5068571428571429,0.08557142857142856
522,2020-04-30,0.5529166666666666,0.04033333333333333,0.5480833333333334,0.035166666666666666,0.45525,0.022166666666666668
523,2020-04-30,0.49350000000000005,0.013000000000000001,0.49660000000000004,0.0068000000000000005,0.5357,0.024
524,2020-04-30,0.4264285714285713,0.2057142857142857,0.4982857142857142,0.09771428571428573,0.5037142857142858,0.07257142857142858
525,2020-04-30,0.45012500000000005,0.15475,0.530875,0.01625,0.46525,0.034375
526,2020-04-30,0.5394,0.0838,0.5486,0.031,0.43200000000000005,0.036800000000000006
527,2020-04-30,0.5200833333333333,0.030333333333333334,0.5669166666666666,0.008333333333333333,0.4503333333333333,0.011333333333333334
528,2020-04-30,0.5225,0.06974999999999999,0.491375,0.08025,0.5365,0.035250000000000004
529,2020-04-30,0.5,0.0,0.5013333333333333,0.034333333333333334,0.5231666666666667,0.031
530,2020-04-30,0.4783571428571429,0.08514285714285715,0.5199285714285715,0.02028571428571429,0.4615,0.03157142857142857
531,2020-04-30,0.5304285714285715,0.02457142857142857,0.48328571428571426,0.06857142857142857,0.5366428571428571,0.03928571428571429
532,2020-04-30,0.5166999999999999,0.0,0.546,0.0,0.44079999999999997,0.022799999999999997
533,2020-04-30,0.4955833333333333,0.06633333333333333,0.57675,0.013499999999999998,0.5453333333333333,0.029
534,2020-04-30,0.5447857142857143,0.025142857142857144,0.5180714285714286,0.05357142857142857,0.45535714285714285,0.031000000000000003
535,2020-04-30,0.5644,0.0,0.42840000000000006,0.0,0.5307999999999999,0.042600000000000006
536,2020-04-30,0.5386,0.0182,0.5066999999999999,0.022199999999999998,0.4217000000000001,0.0152
537,2020-04-30,0.5439999999999999,0.0,0.5074,0.05920000000000001,0.5146,0.0526
538,2020-04-30,0.49016666666666664,0.050333333333333334,0.5359166666666666,0.03883333333333333,0.53775,0.028333333333333335
539,2020-04-30,0.46980000000000005,0.060399999999999995,0.5356,0.016,0.5373,0.029800000000000004
540,2020-04-30,0.5173571428571428,0.01942857142857143,0.5114285714285713,0.02614285714285714,0.4573571428571429,0.020571428571428574
541,2020-04-30,0.5002,0.0392,0.5514,0.0166,0.5414,0.032400000000000005
542,2020-04-30,0.50375,0.05025,0.52325,0.028999999999999998,0.5435,0.01875
543,2020-04-30,0.5645,0.0,0.5102,0.0528,0.42000000000000004,0.028000000000000004
544,2020-04-30,0.5168999999999999,0.1012,0.4831,0.06620000000000001,0.41109999999999997,0.0474
545,2020-04-30,0.483,0.08020000000000001,0.5251,0.0214,0.5448,0.0186
546,2020-04-30,0.5285,0.04800000000000001,0.5670833333333334,0.041666666666666664,0.4389166666666667,0.044833333333333336
547,2020-04-30,0.55275,0.026333333333333334,0.44625000000000004,0.0,0.4515833333333334,0.018666666666666665
548,2020-04-30,0.5508571428571428,0.09371428571428571,0.49264285714285716,0.053,0.5310714285714286,0.06014285714285715
549,2020-04-30,0.5734999999999999,0.0855,0.53725,0.04625,0.5313749999999999,0.04725
550,2020-04-30,0.51975,0.07283333333333335,0.5167499999999999,0.0535,0.5261666666666667,0.033499999999999995
551,2020-04-30,0.5730999999999999,0.0,0.5461,0.022,0.5159,0.0412
552,2020-04-30,0.5014166666666667,0.07616666666666667,0.4157499999999999,0.07683333333333332,0.4546666666666667,0.050499999999999996
553,2020-04-30,0.6047857142857141,0.0,0.5453571428571429,0.018142857142857145,0.47128571428571436,0.016428571428571428
554,2020-04-30,0.5095,0.0695,0.5315833333333334,0.08416666666666667,0.5214166666666666,0.0425
555,2020-04-30,0.5374166666666667,0.07233333333333333,0.43724999999999997,0.03183333333333333,0.4560000000000001,0.03283333333333333
556,2020-04-30,0.50625,0.04675,0.516625,0.04875,0.5465,0.03125
557,2020-04-30,0.45137499999999997,0.09725,0.522,0.027249999999999996,0.524125,0.043
558,2020-04-30,0.5176428571428572,0.07885714285714286,0.5345,0.07028571428571428,0.5234285714285715,0.05614285714285715
559,2020-04-30,0.425,0.2012,0.47235000000000005,0.07629999999999999,0.4619,0.05940000000000001
560,2020-04-30,0.43178571428571433,0.17142857142857143,0.5089285714285714,0.03485714285714286,0.5155,0.06585714285714288
561,2020-04-30,0.47528571428571426,0.07871428571428571,0.5005714285714287,0.03557142857142857,0.519357142857143,0.04757142857142858
562,2020-04-30,0.496,0.0518,0.49749999999999994,0.0408,0.4321,0.0246
563,2020-04-30,0.5,0.0,0.428,0.2,0.4995,0.096
564,2020-04-30,0.4867,0.059199999999999996,0.4901,0.0624,0.4967,0.0654
565,2020-04-30,0.5,0.0,0.5107999999999999,0.0,0.41950000000000004,0.0298
566,2020-04-30,0.4936999999999999,0.05700000000000001,0.5408,0.05439999999999999,0.5193999999999999,0.0539
567,2020-04-30,0.51345,0.044500000000000005,0.5135500000000001,0.0316,0.54785,0.0185
568,2020-04-30,0.494375,0.046875,0.5159375,0.05474999999999999,0.552875,0.019375
569,2020-04-30,0.535,0.0354,0.5288,0.0686,0.5262,0.051000000000000004
570,2020-04-30,0.5936250000000001,0.04675,0.522375,0.01525,0.542,0.021750000000000002
571,2020-04-30,0.6136999999999999,0.0,0.5384,0.010199999999999999,0.5438,0.027600000000000003
572,2020-04-30,0.46875000000000006,0.15425,0.5117499999999999,0.07475,0.5125000000000001,0.058750000000000004
573,2020-04-30,0.46728571428571425,0.11499999999999999,0.4030714285714286,0.1122857142857143,0.44450000000000006,0.04271428571428572
574,2020-04-30,0.5206666666666667,0.0,0.5215833333333333,0.0,0.36066666666666664,0.016333333333333335
575,2020-04-30,0.5192,0.0,0.5301,0.0,0.5426,0.012199999999999999
576,2020-04-30,0.48225,0.06549999999999999,0.44941666666666663,0.0,0.45774999999999993,0.02516666666666667
577,2020-04-30,0.5788,0.023,0.5423,0.0,0.534,0.0376
578,2020-04-30,0.4605,0.1488,0.4795,0.1036,0.5237,0.0314
579,2020-04-30,0.5415,0.0,0.5218,0.0196,0.5468999999999999,0.0314
580,2020-04-30,0.5682,0.0,0.5538000000000001,0.0408,0.531,0.0268
581,2020-04-30,0.5055833333333334,0.032,0.5225000000000001,0.04883333333333333,0.4455,0.021666666666666667
582,2020-04-30,0.5043333333333334,0.01933333333333333,0.48788888888888887,0.08077777777777778,0.4721666666666667,0.03077777777777778
583,2020-04-30,0.5509999999999999,0.0,0.5008,0.093,0.5143000000000001,0.04740000000000001
584,2020-04-30,0.479125,0.041749999999999995,0.467875,0.06425,0.511375,0.0465
585,2020-04-30,0.5265,0.034333333333333334,0.4991666666666667,0.042666666666666665,0.431,0.03166666666666666
586,2020-04-30,0.4692,0.151,0.5058,0.0528,0.40980000000000005,0.0398
587,2020-04-30,0.48150000000000004,0.0722,0.51,0.0477,0.5323,0.0262
588,2020-04-30,0.46679999999999994,0.0914,0.47759999999999997,0.0586,0.5129999999999999,0.0356
589,2020-04-30,0.5695,0.0,0.5875,0.016,0.540125,0.024
590,2020-04-30,0.5439999999999999,0.0,0.5874,0.0188,0.5337,0.028000000000000004
591,2020-04-30,0.5582,0.0,0.4777,0.07959999999999999,0.5326,0.0406
592,2020-04-30,0.5972000000000001,0.0,0.47330000000000005,0.07680000000000001,0.5462,0.0298
593,2020-04-30,0.5324285714285714,0.08128571428571428,0.5537142857142857,0.017142857142857144,0.5382857142857143,0.026714285714285715
594,2020-04-30,0.49733333333333335,0.09516666666666668,0.54175,0.015833333333333335,0.5146666666666667,0.0525
595,2020-04-30,0.5572999999999999,0.0,0.506,0.0548,0.442,0.035199999999999995
596,2020-04-30,0.5623333333333334,0.0,0.5219166666666667,0.035833333333333335,0.5451666666666667,0.022333333333333334
597,2020-04-30,0.4572,0.1224,0.4862,0.06659999999999999,0.5344,0.040600000000000004
598,2020-04-30,0.5511999999999999,0.073,0.5634999999999999,0.0318,0.536,0.0502
599,2020-04-30,0.457125,0.14975,0.493375,0.08600000000000001,0.517875,0.0625
600,2020-04-30,0.52575,0.0,0.5456666666666666,0.048499999999999995,0.5393333333333333,0.031
601,2020-04-30,0.5298,0.0,0.5709000000000001,0.0114,0.44849999999999995,0.019
602,2020-04-30,0.5258333333333334,0.0385,0.5184166666666666,0.02766666666666667,0.5288333333333334,0.021500000000000002
603,2020-04-30,0.5402,0.0,0.51,0.0,0.42939999999999995,0.026600000000000002
604,2020-04-30,0.5204166666666666,0.0,0.5336666666666666,0.0,0.55275,0.0155
605,2020-04-30,0.51875,0.08650000000000001,0.443625,0.1495,0.5169999999999999,0.07100000000000001
606,2020-04-30,0.5054000000000001,0.046200000000000005,0.5231,0.0598,0.5324,0.0212
607,2020-04-30,0.538,0.0804,0.5730999999999999,0.03219999999999999,0.4319,0.027000000000000003
608,2020-04-30,0.5079,0.061399999999999996,0.5429,0.0434,0.3128,0.029600000000000005
609,2020-04-30,0.5184,0.0,0.4141,0.013600000000000001,0.317,0.0182
610,2020-04-30,0.46699999999999997,0.16240000000000002,0.5328,0.035800000000000005,0.5105000000000001,0.05740000000000001
611,2020-04-30,0.55275,0.0,0.5428333333333333,0.018666666666666665,0.5263333333333333,0.035333333333333335
612,2020-04-30,0.43474999999999997,0.1305,0.49600000000000005,0.04625,0.522375,0.047
613,2020-04-30,0.5189,0.043,0.5397000000000001,0.0206,0.5226000000000001,0.0382
614,2020-04-30,0.48869999999999997,0.0862,0.5672,0.038400000000000004,0.53,0.0422
615,2020-04-30,0.4466,0.1068,0.5216999999999999,0.022,0.5177,0.053000000000000005
616,2020-04-30,0.4655833333333333,0.08516666666666667,0.5275833333333334,0.030666666666666665,0.42791666666666667,0.042
617,2020-04-30,0.4864285714285714,0.05628571428571428,0.5227857142857143,0.05342857142857143,0.44757142857142856,0.037
618,2020-04-30,0.47807142857142854,0.04385714285714286,0.5132857142857142,0.04428571428571428,0.4511428571428571,0.021571428571428575
619,2020-04-30,0.46037500000000003,0.142,0.5121249999999999,0.046,0.38587499999999997,0.051500000000000004
620,2020-04-30,0.48192857142857143,0.114,0.5273571428571429,0.06699999999999999,0.5275714285714285,0.047714285714285716
621,2020-04-30,0.5117857142857143,0.03357142857142857,0.5265,0.0,0.5260714285714286,0.042285714285714295
622,2020-04-30,0.5142,0.0338,0.5501,0.0078,0.5085,0.0644
623,2020-04-30,0.4718,0.1014,0.507,0.009600000000000001,0.4286,0.0212
624,2020-04-30,0.5090833333333333,0.042,0.48725,0.06416666666666666,0.5258333333333333,0.032999999999999995
625,2020-04-30,0.5204166666666666,0.0,0.4894166666666666,0.059666666666666666,0.5210833333333333,0.036333333333333336
626,2020-04-30,0.5,0.0,0.5061,0.018600000000000002,0.5169,0.029400000000000003
627,2020-04-30,0.563,0.0,0.6077,0.0086,0.4426,0.0112
628,2020-04-30,0.5944166666666666,0.0,0.5558333333333333,0.0,0.5433333333333333,0.030666666666666672
629,2020-04-30,0.5462142857142857,0.0,0.5532857142857143,0.009142857142857144,0.47450000000000003,0.017142857142857144
630,2020-04-30,0.5126999999999999,0.1056,0.5724,0.022600000000000002,0.5528000000000001,0.0388
631,2020-04-30,0.5419285714285714,0.0,0.5428571428571429,0.02742857142857143,0.5408571428571428,0.017857142857142856
632,2020-04-30,0.4643571428571428,0.07128571428571429,0.5316428571428571,0.022571428571428572,0.5319285714285715,0.026428571428571433
633,2020-04-30,0.55875,0.043250000000000004,0.5389999999999999,0.0335,0.538125,0.037750000000000006
634,2020-04-30,0.5001,0.057600000000000005,0.5223,0.013600000000000001,0.5243,0.0206
635,2020-04-30,0.5156428571428572,0.05485714285714286,0.5182857142857143,0.03142857142857143,0.5194285714285715,0.04785714285714286
636,2020-04-30,0.49133333333333334,0.017333333333333336,0.4925,0.058166666666666665,0.36599999999999994,0.023333333333333334
637,2020-04-30,0.44885714285714284,0.10228571428571429,0.5082142857142856,0.0,0.4645,0.02485714285714286
638,2020-04-30,0.4881428571428571,0.09971428571428573,0.5463571428571428,0.07285714285714286,0.5239999999999999,0.04471428571428572
639,2020-04-30,0.4779166666666666,0.132,0.5252500000000001,0.066,0.5006666666666667,0.061000000000000006
640,2020-04-30,0.5333,0.0504,0.5205,0.09019999999999999,0.5138999999999999,0.0538
641,2020-04-30,0.518,0.0435,0.48537499999999995,0.0645,0.50175,0.052250000000000005
642,2020-04-30,0.5192,0.047900000000000005,0.51895,0.0198,0.5390499999999999,0.024300000000000002
643,2020-04-30,0.5645833333333333,0.023333333333333334,0.4964166666666667,0.039,0.45166666666666666,0.01883333333333333
644,2020-04-30,0.4819,0.05500000000000001,0.4069,0.07020000000000001,0.312,0.047799999999999995
645,2020-04-30,0.5553888888888889,0.07944444444444444,0.4195,0.1248888888888889,0.46794444444444433,0.03688888888888889
646,2020-04-30,0.48043749999999996,0.13774999999999998,0.5061875,0.060375,0.4685,0.036875
647,2020-04-30,0.5255,0.051666666666666666,0.4805,0.10366666666666667,0.5343333333333332,0.036000000000000004
648,2020-04-30,0.4803,0.0762,0.4805999999999999,0.0674,0.538,0.027200000000000002
649,2020-04-30,0.5394,0.0,0.5215,0.02,0.5206,0.0246
650,2020-04-30,0.4742,0.0818,0.567,0.06899999999999999,0.5328000000000002,0.0626
651,2020-04-30,0.42116666666666663,0.19900000000000004,0.47166666666666657,0.12255555555555558,0.5007222222222222,0.06566666666666666
652,2020-04-30,0.5250833333333333,0.03766666666666667,0.5301666666666667,0.02266666666666667,0.5411666666666667,0.02266666666666667
653,2020-04-30,0.5229,0.027200000000000002,0.4098,0.0414,0.4347,0.0374
654,2020-04-30,0.532,0.048,0.5257499999999999,0.0235,0.551625,0.022
655,2020-04-30,0.5436,0.0,0.4979,0.016399999999999998,0.5377,0.0338
656,2020-04-30,0.5722499999999999,0.0,0.55975,0.014750000000000001,0.547,0.026000000000000002
657,2020-04-30,0.48179999999999995,0.0364,0.5223000000000001,0.025,0.41340000000000005,0.0358
658,2020-04-30,0.55315,0.0087,0.5402500000000001,0.0391,0.48629999999999995,0.0288
659,2020-04-30,0.5273333333333333,0.0395,0.4225833333333333,0.0635,0.4541666666666666,0.021
660,2020-04-30,0.5239166666666667,0.06916666666666667,0.52425,0.013166666666666667,0.5583333333333332,0.0135
661,2020-04-30,0.5042000000000001,0.10640000000000001,0.5415,0.013600000000000001,0.5362,0.0306
662,2020-04-30,0.5781000000000001,0.0,0.5367,0.0212,0.5640000000000001,0.021800000000000003
663,2020-04-30,0.5204,0.0,0.5188,0.034,0.5284,0.0206
664,2020-04-30,0.5111428571428571,0.055428571428571424,0.5296428571428571,0.018571428571428572,0.5295714285714286,0.022857142857142857
665,2020-04-30,0.5214166666666666,0.0,0.536,0.0,0.5230833333333333,0.02266666666666667
666,2020-04-30,0.4435,0.16716666666666669,0.5125833333333333,0.035500000000000004,0.4248333333333334,0.05833333333333333
667,2020-04-30,0.4792142857142857,0.064,0.5228571428571428,0.013857142857142856,0.4573571428571429,0.02242857142857143
668,2020-04-30,0.5273,0.0,0.5686,0.024600000000000004,0.5545,0.022400000000000003
669,2020-04-30,0.5572999999999999,0.0,0.5536000000000001,0.026000000000000002,0.5464,0.0328
670,2020-04-30,0.4865,0.044,0.5148125,0.01525,0.5405625,0.031875
671,2020-04-30,0.5208,0.0322,0.40070000000000006,0.046799999999999994,0.41159999999999997,0.0504
672,2020-04-30,0.5104285714285715,0.03785714285714286,0.5215,0.01657142857142857,0.4627142857142857,0.030285714285714287
673,2020-04-30,0.5574285714285715,0.04542857142857143,0.5299285714285714,0.047714285714285716,0.5325,0.04471428571428571
674,2020-04-30,0.5119285714285714,0.03842857142857142,0.49071428571428566,0.05185714285714286,0.5362857142857143,0.03671428571428571
675,2020-04-30,0.528875,0.0,0.54025,0.0,0.5483750000000001,0.034749999999999996
676,2020-04-30,0.5526,0.0418,0.513,0.028399999999999998,0.5288999999999999,0.0512
677,2020-04-30,0.4890625,0.06725,0.5301875,0.03175,0.46099999999999997,0.044
678,2020-04-30,0.5213,0.0,0.3755,0.0636,0.39459999999999995,0.05739999999999999
679,2020-04-30,0.4479000000000001,0.1376,0.5487,0.023,0.4217000000000001,0.0432
680,2020-04-30,0.5358,0.0,0.5276,0.0064,0.5291,0.0322
681,2020-04-30,0.52775,0.0,0.539,0.013166666666666667,0.5269166666666667,0.0395
682,2020-04-30,0.48550000000000004,0.028999999999999998,0.4686,0.0752,0.5205,0.042
683,2020-04-30,0.6006,0.0,0.5189,0.048,0.5405,0.0258
684,2020-04-30,0.4725,0.09280000000000001,0.5218999999999999,0.033999999999999996,0.43409999999999993,0.020400000000000005
685,2020-04-30,0.4997857142857143,0.08499999999999999,0.5292142857142857,0.042428571428571434,0.532357142857143,0.03614285714285714
686,2020-04-30,0.5139166666666667,0.0,0.53125,0.0,0.45175000000000004,0.02416666666666667
687,2020-04-30,0.5381,0.0,0.5216,0.0428,0.4346,0.0164
688,2020-04-30,0.518,0.051000000000000004,0.5326000000000001,0.031,0.524,0.0538
689,2020-04-30,0.44749999999999995,0.14300000000000002,0.5389000000000002,0.0638,0.5055999999999999,0.0744
690,2020-04-30,0.49610000000000004,0.11039999999999998,0.3982,0.0602,0.4136,0.029000000000000005
691,2020-04-30,0.5624090909090909,0.0,0.5443636363636363,0.0,0.5482727272727274,0.020363636363636365
692,2020-04-30,0.4549285714285714,0.09014285714285715,0.48221428571428576,0.06899999999999999,0.5232142857142856,0.06114285714285715
693,2020-04-30,0.5151428571428571,0.05285714285714286,0.4992142857142857,0.04785714285714286,0.5285714285714286,0.051000000000000004
694,2020-04-30,0.5492,0.0,0.41229999999999994,0.0,0.33100000000000007,0.0078
695,2020-04-30,0.5570999999999999,0.0,0.5488,0.019,0.5405,0.0348
696,2020-04-30,0.48360000000000003,0.1226,0.5056,0.0958,0.5378000000000001,0.0514
697,2020-04-30,0.5327857142857143,0.03571428571428571,0.47157142857142853,0.09100000000000001,0.45499999999999996,0.046
698,2020-04-30,0.5320499999999999,0.047799999999999995,0.5291999999999999,0.0497,0.5215,0.055799999999999995
699,2020-04-30,0.49885714285714283,0.04028571428571428,0.4987857142857143,0.059,0.5097142857142857,0.0652857142857143
700,2020-04-30,0.42192857142857143,0.19442857142857142,0.4654285714285714,0.1305714285714286,0.5050714285714286,0.06728571428571428
701,2020-04-30,0.47931250000000003,0.041374999999999995,0.4769375,0.13175,0.5251250000000001,0.042375
702,2020-04-30,0.4272,0.25179999999999997,0.4689,0.153,0.4867,0.0948
703,2020-04-30,0.492875,0.0545,0.5380625,0.047499999999999994,0.5270625,0.056
704,2020-04-30,0.4937,0.06839999999999999,0.4937,0.0992,0.32280000000000003,0.029000000000000005
705,2020-04-30,0.4819285714285715,0.06999999999999999,0.506,0.06885714285714287,0.5140714285714285,0.05442857142857143
706,2020-04-30,0.4218571428571429,0.1562857142857143,0.4897142857142857,0.07185714285714287,0.511,0.060571428571428575
707,2020-04-30,0.5395000000000001,0.05185714285714286,0.4812857142857143,0.07057142857142858,0.5237857142857142,0.06057142857142857
708,2020-04-30,0.5323125,0.054375,0.513625,0.029249999999999998,0.4026875,0.02075
709,2020-04-30,0.5771428571428572,0.03828571428571429,0.515,0.06342857142857142,0.5378571428571429,0.045714285714285714
710,2020-04-30,0.4992,0.06459999999999999,0.5008,0.05620000000000001,0.5210000000000001,0.0504
711,2020-04-30,0.5102,0.07759999999999999,0.5353,0.0,0.5485,0.021200000000000004
712,2020-04-30,0.49299999999999994,0.08283333333333333,0.5187499999999999,0.044000000000000004,0.5075,0.05833333333333334
713,2020-04-30,0.5534000000000001,0.068,0.4864,0.0832,0.5225,0.06899999999999999
714,2020-04-30,0.47858333333333336,0.08316666666666667,0.5108333333333334,0.03883333333333333,0.42783333333333334,0.04016666666666667
715,2020-04-30,0.4495833333333334,0.10083333333333333,0.49675,0.055,0.5321666666666667,0.029833333333333333
716,2020-04-30,0.4839375,0.077875,0.5013124999999999,0.07462500000000001,0.46393749999999995,0.044375
717,2020-04-30,0.5628333333333333,0.0,0.532,0.008333333333333333,0.5290833333333333,0.03183333333333333
718,2020-04-30,0.5279166666666667,0.016333333333333335,0.5359166666666667,0.027166666666666672,0.44691666666666663,0.0305
719,2020-04-30,0.46416666666666667,0.09516666666666668,0.48941666666666667,0.07966666666666666,0.5206666666666667,0.05916666666666668
720,2020-04-30,0.4835714285714286,0.06057142857142857,0.5280714285714285,0.044571428571428574,0.5335,0.019142857142857145
721,2020-04-30,0.5258333333333334,0.0,0.5258333333333334,0.03966666666666666,0.5514166666666667,0.021166666666666667
722,2020-04-30,0.5172142857142857,0.053285714285714283,0.5056428571428572,0.06357142857142857,0.518,0.06014285714285715
723,2020-04-30,0.5932666666666667,0.018000000000000002,0.5438333333333334,0.02273333333333333,0.5292666666666667,0.040600000000000004
724,2020-04-30,0.5576111111111112,0.03911111111111111,0.5433888888888889,0.03288888888888889,0.5174444444444445,0.05511111111111111
725,2020-04-30,0.4068333333333333,0.2181666666666667,0.47816666666666663,0.07133333333333333,0.5105833333333334,0.056666666666666664
726,2020-04-30,0.5233333333333333,0.068,0.5750833333333333,0.0,0.4575,0.021500000000000002
727,2020-04-30,0.51925,0.0,0.4945833333333334,0.0415,0.44941666666666674,0.028499999999999998
728,2020-04-30,0.45925,0.0815,0.49991666666666673,0.043500000000000004,0.516,0.028833333333333332
729,2020-04-30,0.4652142857142857,0.10557142857142857,0.5042857142857143,0.06142857142857144,0.5140714285714285,0.04914285714285715
730,2020-04-30,0.475,0.076,0.5238,0.0656,0.3283,0.0126
731,2020-04-30,0.5458000000000001,0.0534,0.5257,0.0432,0.5309000000000001,0.0294
732,2020-04-30,0.5296666666666666,0.0,0.5196666666666667,0.016166666666666666,0.5398333333333333,0.027333333333333334
733,2020-04-30,0.5487142857142857,0.02042857142857143,0.5603571428571429,0.0,0.4559285714285714,0.026571428571428572
734,2020-04-30,0.5169285714285714,0.0,0.45521428571428574,0.03414285714285714,0.46171428571428574,0.02428571428571429
735,2020-04-30,0.49837500000000007,0.19475,0.42025,0.11912500000000001,0.40168750000000003,0.0365
736,2020-04-30,0.5509375000000001,0.026125,0.4689375,0.0,0.46787500000000004,0.02225
737,2020-04-30,0.5715,0.0,0.4675833333333334,0.0,0.452,0.015333333333333332
738,2020-04-30,0.5244166666666666,0.04533333333333334,0.5001666666666666,0.05216666666666667,0.5330833333333334,0.029166666666666664
739,2020-04-30,0.41240000000000004,0.202,0.502,0.0874,0.5202,0.032600000000000004
740,2020-04-30,0.5034285714285714,0.06157142857142857,0.4889285714285715,0.047285714285714285,0.5402142857142856,0.02914285714285714
741,2020-04-30,0.47750000000000004,0.045,0.5039,0.0158,0.5389000000000002,0.0248
742,2020-04-30,0.528,0.1002,0.5311999999999999,0.0972,0.5472,0.034800000000000005
743,2020-04-30,0.5347999999999999,0.0,0.5316000000000001,0.0154,0.44959999999999994,0.014400000000000001
744,2020-04-30,0.5875833333333333,0.0,0.5494166666666667,0.015,0.45450000000000007,0.02516666666666666
745,2020-04-30,0.579,0.09775,0.5391250000000001,0.03,0.5226249999999999,0.052000000000000005
746,2020-04-30,0.546875,0.0,0.528875,0.0155,0.538,0.052
747,2020-04-30,0.51,0.04885714285714286,0.5345714285714286,0.0,0.45185714285714285,0.02157142857142857
748,2020-04-30,0.5016666666666666,0.02716666666666667,0.5295,0.057333333333333326,0.4305833333333333,0.04983333333333334
749,2020-04-30,0.5330999999999999,0.05500000000000001,0.5533,0.0238,0.5354,0.041400000000000006
750,2020-04-30,0.5338,0.0344,0.5155000000000001,0.024399999999999998,0.5299999999999999,0.030200000000000005
751,2020-04-30,0.4595000000000001,0.10840000000000001,0.4906,0.0668,0.5078,0.054400000000000004
752,2020-04-30,0.4521,0.0958,0.4767,0.09659999999999999,0.5247999999999999,0.0424
753,2020-04-30,0.5697,0.0,0.5449,0.022399999999999996,0.5442,0.0182
754,2020-04-30,0.550125,0.049249999999999995,0.51625,0.00575,0.5269999999999999,0.022750000000000003
755,2020-04-30,0.46125,0.0775,0.54275,0.029500000000000002,0.525,0.052500000000000005
756,2020-04-30,0.5638,0.026600000000000002,0.5035000000000001,0.028999999999999998,0.53,0.0316
757,2020-04-30,0.5411428571428571,0.027285714285714285,0.5782142857142858,0.018285714285714287,0.5413571428571429,0.04071428571428572
758,2020-04-30,0.49689999999999995,0.09,0.5237999999999999,0.034199999999999994,0.5424,0.0434
759,2020-04-30,0.5375,0.02,0.47450000000000003,0.12080000000000002,0.5413,0.046400000000000004
760,2020-04-30,0.4723,0.0888,0.5096,0.0794,0.43979999999999997,0.027399999999999997
761,2020-04-30,0.5675,0.0,0.5414,0.0602,0.5575,0.019200000000000002
762,2020-04-30,0.5565833333333333,0.02316666666666667,0.5174166666666666,0.02283333333333333,0.4493333333333334,0.02466666666666667
763,2020-04-30,0.46808333333333335,0.11366666666666668,0.511,0.041833333333333333,0.5440833333333334,0.015833333333333335
764,2020-04-30,0.5254166666666666,0.06633333333333334,0.5365833333333333,0.0265,0.45141666666666663,0.031
765,2020-04-30,0.5118,0.10979999999999998,0.5518000000000001,0.0,0.3366,0.0172
766,2020-04-30,0.522,0.04,0.5518,0.0,0.5454,0.033
767,2020-04-30,0.5776,0.0,0.5911,0.016399999999999998,0.5344,0.06140000000000001
768,2020-04-30,0.5096,0.06920000000000001,0.5154,0.056400000000000006,0.5272,0.0342
769,2020-04-30,0.49699999999999994,0.09083333333333332,0.5835,0.01,0.5421666666666666,0.0365
770,2020-04-30,0.5130833333333333,0.08033333333333333,0.54325,0.018333333333333333,0.5355833333333333,0.024333333333333335
771,2020-04-30,0.5,0.0,0.5080000000000001,0.0606,0.47709999999999997,0.089
772,2020-04-30,0.47009999999999996,0.0932,0.5144,0.0,0.4203,0.013800000000000002
773,2020-04-30,0.3993333333333333,0.20133333333333334,0.5028333333333332,0.066,0.5134166666666666,0.05833333333333334
774,2020-04-30,0.528875,0.0,0.55075,0.0085,0.531375,0.058249999999999996
775,2020-04-30,0.5215624999999999,0.0,0.48812500000000003,0.065375,0.4541874999999999,0.037500000000000006
776,2020-04-30,0.5021666666666667,0.03266666666666667,0.49974999999999997,0.007166666666666666,0.43658333333333327,0.03283333333333333
777,2020-04-30,0.493,0.08819999999999999,0.5060999999999999,0.04479999999999999,0.5340999999999999,0.0398
778,2020-04-30,0.5137499999999999,0.10250000000000001,0.4995,0.126,0.516125,0.052
779,2020-04-30,0.45341666666666663,0.13783333333333334,0.5323333333333333,0.06266666666666666,0.5101666666666667,0.0635
780,2020-04-30,0.5660999999999999,0.0,0.5126,0.020399999999999998,0.4553999999999999,0.027200000000000002
781,2020-04-30,0.5349999999999999,0.0252,0.5107,0.0196,0.5391,0.030000000000000006
782,2020-04-30,0.51955,0.043300000000000005,0.5182,0.021899999999999996,0.52505,0.0293
783,2020-04-30,0.5012142857142857,0.029428571428571432,0.46028571428571435,0.01657142857142857,0.30885714285714283,0.013142857142857142
784,2020-04-30,0.47309999999999997,0.16140000000000002,0.5569,0.0124,0.43100000000000005,0.0326
785,2020-04-30,0.485,0.03,0.49912500000000004,0.05875,0.275,0.02025
786,2020-04-30,0.5518333333333333,0.0,0.5385833333333333,0.044000000000000004,0.5425,0.038500000000000006
787,2020-04-30,0.6534166666666668,0.0,0.5448333333333334,0.03383333333333333,0.5349166666666666,0.04833333333333334
788,2020-04-30,0.525,0.0,0.526,0.0225,0.5255,0.03125
789,2020-04-30,0.49028571428571427,0.047142857142857146,0.5286428571428571,0.04185714285714286,0.5355714285714285,0.037142857142857144
790,2020-04-30,0.47914285714285715,0.07214285714285715,0.45442857142857146,0.012142857142857144,0.5268571428571429,0.03957142857142858
791,2020-04-30,0.5326666666666667,0.0,0.52,0.021666666666666667,0.5299166666666667,0.03183333333333334
792,2020-04-30,0.5,0.0,0.4523,0.011,0.43010000000000004,0.024399999999999998
793,2020-04-30,0.5389999999999999,0.0,0.5338125,0.034374999999999996,0.4615625,0.045500000000000006
794,2020-04-30,0.5,0.0,0.5066666666666667,0.018000000000000002,0.3671666666666667,0.02966666666666667
795,2020-04-30,0.5,0.0,0.5229,0.0,0.42940000000000006,0.022
796,2020-04-30,0.49331250000000004,0.036375000000000005,0.5096875,0.012375,0.5405,0.025750000000000006
797,2020-04-30,0.5734166666666667,0.0,0.5475833333333333,0.008833333333333334,0.533,0.0175
798,2020-04-30,0.5640000000000001,0.0,0.5506,0.023,0.44420000000000004,0.009
799,2020-04-30,0.4761666666666666,0.09016666666666667,0.51325,0.008833333333333334,0.5215833333333334,0.05266666666666667
800,2020-04-30,0.5362,0.018,0.5349999999999999,0.011800000000000001,0.4365,0.024
801,2020-04-30,0.5,0.0,0.5455,0.0,0.5365,0.0
802,2020-04-30,0.4326,0.1348,0.4993,0.03560000000000001,0.4242000000000001,0.044
803,2020-04-30,0.5223571428571429,0.021285714285714286,0.517357142857143,0.024857142857142855,0.4589285714285714,0.02542857142857143
804,2020-04-30,0.5519000000000001,0.0,0.5307999999999999,0.0068000000000000005,0.322,0.019
805,2020-04-30,0.5480714285714285,0.021285714285714286,0.5493571428571428,0.029285714285714286,0.5567857142857143,0.02128571428571429
806,2020-04-30,0.5122,0.0182,0.5275000000000001,0.0644,0.5410999999999999,0.0264
807,2020-04-30,0.5270833333333333,0.024333333333333332,0.40950000000000003,0.056833333333333326,0.5457500000000001,0.026833333333333334
808,2020-04-30,0.5305,0.023,0.5506,0.0,0.5495,0.025
809,2020-04-30,0.4833,0.0576,0.4887,0.022600000000000002,0.5278,0.0458
810,2020-04-30,0.5030833333333333,0.07983333333333333,0.5326666666666667,0.0825,0.4421666666666666,0.029833333333333333
811,2020-04-30,0.47208333333333335,0.11733333333333333,0.5088333333333334,0.05733333333333334,0.5204166666666666,0.043833333333333335
812,2020-04-30,0.4377,0.1246,0.4979,0.0712,0.5163,0.0514
813,2020-04-30,0.5093333333333333,0.04883333333333334,0.5274166666666666,0.010333333333333333,0.44725,0.0265
814,2020-04-30,0.5064,0.0434,0.5541,0.0,0.45779999999999993,0.0086
815,2020-04-30,0.524625,0.05025,0.6022500000000001,0.0,0.54125,0.039
816,2020-04-30,0.5313,0.0422,0.5526000000000001,0.008199999999999999,0.44209999999999994,0.0206
817,2020-04-30,0.5645999999999999,0.0412,0.5689,0.011,0.44460000000000005,0.018000000000000002
818,2020-04-30,0.4352142857142858,0.19142857142857145,0.5072857142857143,0.08814285714285715,0.5229285714285714,0.05971428571428572
819,2020-04-30,0.4427857142857143,0.12485714285714286,0.4841428571428571,0.06957142857142858,0.49021428571428577,0.08842857142857143
820,2020-04-30,0.4300833333333333,0.13983333333333334,0.486,0.0425,0.49974999999999997,0.054833333333333324
821,2020-04-30,0.5107857142857143,0.042285714285714295,0.5475000000000001,0.02242857142857143,0.5335,0.02028571428571429
822,2020-04-30,0.4367000000000001,0.164,0.4484,0.1364,0.4107,0.0416
823,2020-04-30,0.45759999999999995,0.1116,0.48860000000000003,0.10840000000000001,0.3966,0.0698
824,2020-04-30,0.476,0.066,0.5223,0.0098,0.4107,0.0304
825,2020-04-30,0.5225833333333333,0.03149999999999999,0.5156666666666666,0.023333333333333334,0.5281666666666668,0.04833333333333333
826,2020-04-30,0.45508333333333334,0.08983333333333333,0.53375,0.030333333333333334,0.5159999999999999,0.0425
827,2020-04-30,0.5398125,0.0,0.5269375,0.033374999999999995,0.523625,0.04225
828,2020-04-30,0.5103333333333334,0.0,0.42324999999999996,0.03716666666666666,0.5289166666666667,0.02866666666666667
829,2020-04-30,0.5485,0.0,0.5277000000000001,0.09559999999999999,0.5404,0.0386
830,2020-04-30,0.5706249999999999,0.04825,0.5745,0.0305,0.54425,0.04025
831,2020-04-30,0.5877,0.0,0.42160000000000003,0.0388,0.4185,0.023799999999999998
832,2020-04-30,0.515,0.055600000000000004,0.4284,0.0,0.32189999999999996,0.014799999999999999
833,2020-04-30,0.52625,0.0,0.5150833333333333,0.007166666666666666,0.521,0.0375
834,2020-04-30,0.4905714285714286,0.018857142857142857,0.4329285714285714,0.03557142857142857,0.5170714285714285,0.04371428571428572
835,2020-04-30,0.48762500000000003,0.072375,0.44162500000000005,0.02975,0.531375,0.035125
836,2020-04-30,0.422875,0.19174999999999998,0.509375,0.06375,0.521,0.03375
837,2020-04-30,0.53725,0.035750000000000004,0.53725,0.035750000000000004,0.534125,0.0385
838,2020-04-30,0.5279,0.033,0.533,0.0672,0.5311999999999999,0.030799999999999994
839,2020-04-30,0.4606,0.0788,0.5204000000000001,0.0324,0.4173,0.0116
840,2020-04-30,0.4989166666666667,0.054833333333333324,0.51175,0.0375,0.5136666666666666,0.06033333333333333
841,2020-04-30,0.4956666666666667,0.041166666666666664,0.5350833333333332,0.019,0.539,0.03233333333333333
842,2020-04-30,0.5105833333333333,0.03333333333333333,0.5,0.06416666666666666,0.5284166666666666,0.0335
843,2020-04-30,0.42350000000000004,0.153,0.4892,0.0658,0.5077,0.07919999999999999
844,2020-04-30,0.5237,0.0,0.5245,0.0636,0.5463,0.0318
845,2020-04-30,0.5265555555555556,0.012444444444444444,0.4953888888888889,0.07133333333333333,0.5113888888888889,0.059555555555555556
846,2020-04-30,0.5387,0.057999999999999996,0.49429999999999996,0.0566,0.5042,0.0566
847,2020-04-30,0.523,0.0,0.5820000000000001,0.0,0.5206999999999999,0.039
848,2020-04-30,0.5246666666666666,0.0,0.5488333333333334,0.04,0.4495,0.023500000000000004
849,2020-04-30,0.49119999999999997,0.0382,0.5192,0.0,0.4175,0.0268
850,2020-04-30,0.512,0.0,0.5187,0.0648,0.5028,0.074
851,2020-04-30,0.475125,0.11925000000000001,0.55175,0.01675,0.512,0.037250000000000005
852,2020-04-30,0.5,0.0,0.5060000000000001,0.023000000000000003,0.5548333333333334,0.024000000000000004
853,2020-04-30,0.5378333333333334,0.05216666666666667,0.5031666666666667,0.028166666666666663,0.5289166666666666,0.035500000000000004
854,2020-04-30,0.4795,0.0832,0.5102,0.0,0.5202,0.0632
855,2020-04-30,0.5571250000000001,0.053,0.6160000000000001,0.0,0.545625,0.03075
856,2020-04-30,0.46420000000000006,0.0716,0.4952,0.0376,0.5081,0.06420000000000001
857,2020-04-30,0.5436666666666666,0.0,0.5233333333333333,0.0,0.549,0.02466666666666667
858,2020-04-30,0.528,0.0,0.530125,0.01175,0.534625,0.017
859,2020-04-30,0.5485,0.0826,0.5264,0.051000000000000004,0.5355000000000001,0.049199999999999994
860,2020-04-30,0.5532142857142858,0.0,0.4572142857142857,0.042,0.5507142857142856,0.027714285714285716
861,2020-04-30,0.5753,0.010199999999999999,0.4934,0.0254,0.3179,0.0256
862,2020-04-30,0.5696,0.0696,0.5678,0.0,0.5519000000000001,0.033
863,2020-04-30,0.5279166666666667,0.057,0.39766666666666667,0.08283333333333333,0.5306666666666667,0.046000000000000006
864,2020-04-30,0.5481666666666666,0.0,0.544,0.01933333333333333,0.5618333333333333,0.011000000000000001
865,2020-04-30,0.513,0.0,0.4114000000000001,0.06720000000000001,0.5248,0.048400000000000006
866,2020-04-30,0.5343333333333333,0.0,0.4945,0.03466666666666667,0.529,0.04066666666666667
867,2020-04-30,0.5172,0.05720000000000001,0.4657,0.11080000000000001,0.20990000000000003,0.014400000000000001
868,2020-04-30,0.622625,0.0755,0.5235,0.046,0.569125,0.02525
869,2020-04-30,0.5640000000000001,0.026600000000000002,0.5357000000000001,0.0304,0.5439,0.0234
870,2020-04-30,0.5454166666666667,0.02033333333333333,0.5349166666666667,0.0,0.44258333333333333,0.007166666666666666
871,2020-04-30,0.46609999999999996,0.0678,0.5297000000000001,0.013600000000000001,0.31520000000000004,0.0442
872,2020-04-30,0.5132,0.0628,0.4709,0.1052,0.5321999999999999,0.0206
873,2020-04-30,0.5016,0.1538,0.49470000000000003,0.12779999999999997,0.5193999999999999,0.057199999999999994
874,2020-04-30,0.5319285714285714,0.0,0.5359999999999999,0.013857142857142856,0.4752857142857142,0.01
875,2020-04-30,0.5590833333333333,0.014833333333333336,0.51925,0.0515,0.5490833333333333,0.03716666666666667
876,2020-04-30,0.5,0.0,0.44770000000000004,0.010400000000000001,0.4064,0.055999999999999994
877,2020-04-30,0.4945,0.04666666666666667,0.393,0.056833333333333326,0.45516666666666666,0.01583333333333333
878,2020-04-30,0.5025833333333333,0.08333333333333333,0.48541666666666666,0.09216666666666666,0.5283333333333333,0.044333333333333336
879,2020-04-30,0.524375,0.0,0.5073749999999999,0.051500000000000004,0.5015000000000001,0.05925
880,2020-04-30,0.5184500000000001,0.0328,0.53915,0.038,0.43315000000000003,0.028700000000000003
881,2020-04-30,0.5228333333333334,0.0,0.5288333333333334,0.022500000000000003,0.5438333333333334,0.034666666666666665
882,2020-04-30,0.4711666666666667,0.08633333333333333,0.5085833333333334,0.068,0.41625,0.0545
883,2020-04-30,0.5414999999999999,0.054000000000000006,0.5115000000000001,0.0722,0.5436,0.0312
884,2020-04-30,0.4633,0.0908,0.5519999999999999,0.021800000000000003,0.4197,0.0444
885,2020-04-30,0.4438,0.1534,0.5152,0.0186,0.5157,0.055200000000000006
886,2020-04-30,0.4922000000000001,0.0402,0.48500000000000004,0.05620000000000001,0.40140000000000003,0.05740000000000001
887,2020-04-30,0.5166666666666667,0.02783333333333333,0.5335833333333334,0.06033333333333333,0.5335,0.03933333333333334
888,2020-04-30,0.5515833333333333,0.011500000000000002,0.5320833333333334,0.0095,0.54,0.031166666666666665
889,2020-04-30,0.5358333333333334,0.07616666666666666,0.5175833333333334,0.04533333333333334,0.53475,0.059166666666666666
890,2020-04-30,0.5271666666666667,0.06066666666666667,0.5439166666666666,0.03933333333333333,0.43133333333333335,0.0535
891,2020-04-30,0.5660000000000001,0.06724999999999999,0.547125,0.0,0.5369999999999999,0.04825
892,2020-04-30,0.5178999999999999,0.0648,0.5193,0.014199999999999999,0.5334999999999999,0.019999999999999997
893,2020-04-30,0.5544,0.0,0.5345,0.0364,0.5305000000000001,0.0256
894,2020-04-30,0.5178571428571429,0.061857142857142854,0.5441428571428572,0.01685714285714286,0.532,0.036571428571428574
895,2020-04-30,0.5435,0.0,0.47850000000000004,0.0605,0.5173749999999999,0.0495
896,2020-04-30,0.5385555555555555,0.036000000000000004,0.5574444444444444,0.014333333333333333,0.534611111111111,0.035111111111111114
897,2020-04-30,0.5000625000000001,0.05475,0.5465,0.014124999999999999,0.5326875,0.026
898,2020-04-30,0.528875,0.06975,0.4892500000000001,0.0675,0.506,0.06925
899,2020-04-30,0.52,0.0,0.49899999999999994,0.054333333333333324,0.5085000000000001,0.025000000000000005
900,2020-04-30,0.5,0.0,0.49860000000000004,0.0576,0.5288,0.030000000000000006
901,2020-04-30,0.5391999999999999,0.0304,0.5121,0.0236,0.5339,0.0252
902,2020-04-30,0.51675,0.06183333333333333,0.5204166666666666,0.033,0.44250000000000006,0.0415
903,2020-04-30,0.5254000000000001,0.045,0.5508,0.0512,0.4305,0.0298
904,2020-04-30,0.513,0.026166666666666668,0.5026666666666667,0.04699999999999999,0.5485000000000001,0.020833333333333332
